--------------------------------------------------------
--  Fichier créé - mercredi-février-24-2021   
--------------------------------------------------------
--------------------------------------------------------
--  DDL for Sequence HIBERNATE_SEQUENCE
--------------------------------------------------------

   CREATE SEQUENCE  "TP"."HIBERNATE_SEQUENCE"  MINVALUE 1 MAXVALUE 9999999999999999999999999999 INCREMENT BY 1 START WITH 1261 CACHE 20 NOORDER  NOCYCLE  NOKEEP  NOSCALE  GLOBAL ;
--------------------------------------------------------
--  DDL for Table AUTHORITIES
--------------------------------------------------------

  CREATE TABLE "TP"."AUTHORITIES" 
   (	"USERNAME" NVARCHAR2(128), 
	"AUTHORITY" NVARCHAR2(128)
   ) SEGMENT CREATION IMMEDIATE 
  PCTFREE 10 PCTUSED 40 INITRANS 1 MAXTRANS 255 
 NOCOMPRESS LOGGING
  STORAGE(INITIAL 65536 NEXT 1048576 MINEXTENTS 1 MAXEXTENTS 2147483645
  PCTINCREASE 0 FREELISTS 1 FREELIST GROUPS 1
  BUFFER_POOL DEFAULT FLASH_CACHE DEFAULT CELL_FLASH_CACHE DEFAULT)
  TABLESPACE "USERS" ;
--------------------------------------------------------
--  DDL for Table CATEGORIE
--------------------------------------------------------

  CREATE TABLE "TP"."CATEGORIE" 
   (	"ID_CATEGORIE" NUMBER(19,0), 
	"NOM_CATEGORIE" VARCHAR2(255 CHAR)
   ) SEGMENT CREATION IMMEDIATE 
  PCTFREE 10 PCTUSED 40 INITRANS 1 MAXTRANS 255 
 NOCOMPRESS LOGGING
  STORAGE(INITIAL 65536 NEXT 1048576 MINEXTENTS 1 MAXEXTENTS 2147483645
  PCTINCREASE 0 FREELISTS 1 FREELIST GROUPS 1
  BUFFER_POOL DEFAULT FLASH_CACHE DEFAULT CELL_FLASH_CACHE DEFAULT)
  TABLESPACE "USERS" ;
--------------------------------------------------------
--  DDL for Table FRIGO
--------------------------------------------------------

  CREATE TABLE "TP"."FRIGO" 
   (	"ID_FRIGO" NUMBER(19,0), 
	"NOM_FRIGO" VARCHAR2(255 CHAR), 
	"DESC_FRIGO" VARCHAR2(255 CHAR)
   ) SEGMENT CREATION IMMEDIATE 
  PCTFREE 10 PCTUSED 40 INITRANS 1 MAXTRANS 255 
 NOCOMPRESS LOGGING
  STORAGE(INITIAL 65536 NEXT 1048576 MINEXTENTS 1 MAXEXTENTS 2147483645
  PCTINCREASE 0 FREELISTS 1 FREELIST GROUPS 1
  BUFFER_POOL DEFAULT FLASH_CACHE DEFAULT CELL_FLASH_CACHE DEFAULT)
  TABLESPACE "USERS" ;
--------------------------------------------------------
--  DDL for Table PRODUIT
--------------------------------------------------------

  CREATE TABLE "TP"."PRODUIT" 
   (	"ID_PRODUIT" NUMBER(19,0), 
	"DATE_CREATION" DATE, 
	"DUREE_CONSERVATION" NUMBER(10,0), 
	"NOM_PRODUIT" VARCHAR2(255 CHAR), 
	"UTILISATEUR" VARCHAR2(255 CHAR), 
	"ID_CATEGORIE" NUMBER(19,0)
   ) SEGMENT CREATION IMMEDIATE 
  PCTFREE 10 PCTUSED 40 INITRANS 1 MAXTRANS 255 
 NOCOMPRESS LOGGING
  STORAGE(INITIAL 65536 NEXT 1048576 MINEXTENTS 1 MAXEXTENTS 2147483645
  PCTINCREASE 0 FREELISTS 1 FREELIST GROUPS 1
  BUFFER_POOL DEFAULT FLASH_CACHE DEFAULT CELL_FLASH_CACHE DEFAULT)
  TABLESPACE "USERS" ;
--------------------------------------------------------
--  DDL for Table RELEVE_TEMP
--------------------------------------------------------

  CREATE TABLE "TP"."RELEVE_TEMP" 
   (	"ID_STOCK" NUMBER(19,0), 
	"DATE_ENREG_TEMP" TIMESTAMP (6), 
	"TEMPERATURE" FLOAT(126), 
	"ID_FRIGO" NUMBER(19,0), 
	"NOM_UTILISATEUR" VARCHAR2(255 CHAR)
   ) SEGMENT CREATION IMMEDIATE 
  PCTFREE 10 PCTUSED 40 INITRANS 1 MAXTRANS 255 
 NOCOMPRESS LOGGING
  STORAGE(INITIAL 65536 NEXT 1048576 MINEXTENTS 1 MAXEXTENTS 2147483645
  PCTINCREASE 0 FREELISTS 1 FREELIST GROUPS 1
  BUFFER_POOL DEFAULT FLASH_CACHE DEFAULT CELL_FLASH_CACHE DEFAULT)
  TABLESPACE "USERS" ;
--------------------------------------------------------
--  DDL for Table STATUT
--------------------------------------------------------

  CREATE TABLE "TP"."STATUT" 
   (	"ID_STATUT" NUMBER(19,0), 
	"NOM_STATUT" VARCHAR2(255 CHAR)
   ) SEGMENT CREATION IMMEDIATE 
  PCTFREE 10 PCTUSED 40 INITRANS 1 MAXTRANS 255 
 NOCOMPRESS LOGGING
  STORAGE(INITIAL 65536 NEXT 1048576 MINEXTENTS 1 MAXEXTENTS 2147483645
  PCTINCREASE 0 FREELISTS 1 FREELIST GROUPS 1
  BUFFER_POOL DEFAULT FLASH_CACHE DEFAULT CELL_FLASH_CACHE DEFAULT)
  TABLESPACE "USERS" ;
--------------------------------------------------------
--  DDL for Table STOCK
--------------------------------------------------------

  CREATE TABLE "TP"."STOCK" 
   (	"ID_STOCK" NUMBER(19,0), 
	"DATE_ENTREE_STOCK" TIMESTAMP (6), 
	"ID_PRODUIT" NUMBER(19,0), 
	"ID_STATUT" NUMBER(19,0)
   ) SEGMENT CREATION IMMEDIATE 
  PCTFREE 10 PCTUSED 40 INITRANS 1 MAXTRANS 255 
 NOCOMPRESS LOGGING
  STORAGE(INITIAL 65536 NEXT 1048576 MINEXTENTS 1 MAXEXTENTS 2147483645
  PCTINCREASE 0 FREELISTS 1 FREELIST GROUPS 1
  BUFFER_POOL DEFAULT FLASH_CACHE DEFAULT CELL_FLASH_CACHE DEFAULT)
  TABLESPACE "USERS" ;
--------------------------------------------------------
--  DDL for Table STOCK_HISTORIQUE
--------------------------------------------------------

  CREATE TABLE "TP"."STOCK_HISTORIQUE" 
   (	"ID_STOCK" NUMBER(19,0), 
	"CATEGORIE" VARCHAR2(255 CHAR), 
	"DATE_MOUVEMENT_STOCK" TIMESTAMP (6), 
	"ID_PRODUIT" NUMBER(19,0), 
	"PRODUIT_STOCK" VARCHAR2(255 CHAR), 
	"STATUT" VARCHAR2(255 CHAR), 
	"UTILISATEUR" VARCHAR2(255 CHAR)
   ) SEGMENT CREATION IMMEDIATE 
  PCTFREE 10 PCTUSED 40 INITRANS 1 MAXTRANS 255 
 NOCOMPRESS LOGGING
  STORAGE(INITIAL 65536 NEXT 1048576 MINEXTENTS 1 MAXEXTENTS 2147483645
  PCTINCREASE 0 FREELISTS 1 FREELIST GROUPS 1
  BUFFER_POOL DEFAULT FLASH_CACHE DEFAULT CELL_FLASH_CACHE DEFAULT)
  TABLESPACE "USERS" ;
--------------------------------------------------------
--  DDL for Table USERS
--------------------------------------------------------

  CREATE TABLE "TP"."USERS" 
   (	"USERNAME" NVARCHAR2(128), 
	"PASSWORD" NVARCHAR2(128), 
	"ENABLED" CHAR(1 BYTE)
   ) SEGMENT CREATION IMMEDIATE 
  PCTFREE 10 PCTUSED 40 INITRANS 1 MAXTRANS 255 
 NOCOMPRESS LOGGING
  STORAGE(INITIAL 65536 NEXT 1048576 MINEXTENTS 1 MAXEXTENTS 2147483645
  PCTINCREASE 0 FREELISTS 1 FREELIST GROUPS 1
  BUFFER_POOL DEFAULT FLASH_CACHE DEFAULT CELL_FLASH_CACHE DEFAULT)
  TABLESPACE "USERS" ;
--------------------------------------------------------
--  DDL for Table UTILISATEUR
--------------------------------------------------------

  CREATE TABLE "TP"."UTILISATEUR" 
   (	"ID_UTILISATEUR" NUMBER(19,0), 
	"EMAIL_UTILISATEUR" VARCHAR2(255 CHAR), 
	"LOGIN_UTILISATEUR" VARCHAR2(255 CHAR), 
	"NOM_UTILISATEUR" VARCHAR2(255 CHAR), 
	"PASSWORD_UTILISATEUR" VARCHAR2(255 CHAR), 
	"PRENOM_UTILISATEUR" VARCHAR2(255 CHAR), 
	"ROLE" VARCHAR2(255 CHAR)
   ) SEGMENT CREATION IMMEDIATE 
  PCTFREE 10 PCTUSED 40 INITRANS 1 MAXTRANS 255 
 NOCOMPRESS LOGGING
  STORAGE(INITIAL 65536 NEXT 1048576 MINEXTENTS 1 MAXEXTENTS 2147483645
  PCTINCREASE 0 FREELISTS 1 FREELIST GROUPS 1
  BUFFER_POOL DEFAULT FLASH_CACHE DEFAULT CELL_FLASH_CACHE DEFAULT)
  TABLESPACE "USERS" ;
REM INSERTING into TP.AUTHORITIES
SET DEFINE OFF;
Insert into TP.AUTHORITIES (USERNAME,AUTHORITY) values ('admin','ADMIN_USER');
Insert into TP.AUTHORITIES (USERNAME,AUTHORITY) values ('user','ROLE_USER');
REM INSERTING into TP.CATEGORIE
SET DEFINE OFF;
Insert into TP.CATEGORIE (ID_CATEGORIE,NOM_CATEGORIE) values ('3','Viandes rouges');
Insert into TP.CATEGORIE (ID_CATEGORIE,NOM_CATEGORIE) values ('4','Poissons');
Insert into TP.CATEGORIE (ID_CATEGORIE,NOM_CATEGORIE) values ('5','Légumes');
Insert into TP.CATEGORIE (ID_CATEGORIE,NOM_CATEGORIE) values ('6','Sauces');
Insert into TP.CATEGORIE (ID_CATEGORIE,NOM_CATEGORIE) values ('1101','Plats préparés');
Insert into TP.CATEGORIE (ID_CATEGORIE,NOM_CATEGORIE) values ('967','Viandes blanches');
REM INSERTING into TP.FRIGO
SET DEFINE OFF;
Insert into TP.FRIGO (ID_FRIGO,NOM_FRIGO,DESC_FRIGO) values ('383','Frigo 3','Grand Réfrigérateur');
Insert into TP.FRIGO (ID_FRIGO,NOM_FRIGO,DESC_FRIGO) values ('896','Frigo 4','Produits frais');
Insert into TP.FRIGO (ID_FRIGO,NOM_FRIGO,DESC_FRIGO) values ('369','Frigo 1','Frigo cuisine');
Insert into TP.FRIGO (ID_FRIGO,NOM_FRIGO,DESC_FRIGO) values ('370','Frigo 2','Congélateur bac');
REM INSERTING into TP.PRODUIT
SET DEFINE OFF;
Insert into TP.PRODUIT (ID_PRODUIT,DATE_CREATION,DUREE_CONSERVATION,NOM_PRODUIT,UTILISATEUR,ID_CATEGORIE) values ('8',to_date('22/12/20','DD/MM/RR'),'5','Sauce tartare','Rabiller Guillaume','6');
Insert into TP.PRODUIT (ID_PRODUIT,DATE_CREATION,DUREE_CONSERVATION,NOM_PRODUIT,UTILISATEUR,ID_CATEGORIE) values ('106',to_date('05/01/21','DD/MM/RR'),'3','Haricots verts','Rabiller Guillaume','5');
Insert into TP.PRODUIT (ID_PRODUIT,DATE_CREATION,DUREE_CONSERVATION,NOM_PRODUIT,UTILISATEUR,ID_CATEGORIE) values ('26',to_date('23/12/20','DD/MM/RR'),'2','Cabillaud','Rabiller Guillaume','4');
Insert into TP.PRODUIT (ID_PRODUIT,DATE_CREATION,DUREE_CONSERVATION,NOM_PRODUIT,UTILISATEUR,ID_CATEGORIE) values ('27',to_date('23/12/20','DD/MM/RR'),'3','Purée de carotte','Rabiller Guillaume','5');
Insert into TP.PRODUIT (ID_PRODUIT,DATE_CREATION,DUREE_CONSERVATION,NOM_PRODUIT,UTILISATEUR,ID_CATEGORIE) values ('801',to_date('31/01/21','DD/MM/RR'),'3','Magret de canard','Rabiller Guillaume','3');
Insert into TP.PRODUIT (ID_PRODUIT,DATE_CREATION,DUREE_CONSERVATION,NOM_PRODUIT,UTILISATEUR,ID_CATEGORIE) values ('7',to_date('22/12/20','DD/MM/RR'),'1','steaks hachés','Rabiller Guillaume','3');
Insert into TP.PRODUIT (ID_PRODUIT,DATE_CREATION,DUREE_CONSERVATION,NOM_PRODUIT,UTILISATEUR,ID_CATEGORIE) values ('996',to_date('06/02/21','DD/MM/RR'),'5','Tartiflette','Rabiller Guillaume','1101');
Insert into TP.PRODUIT (ID_PRODUIT,DATE_CREATION,DUREE_CONSERVATION,NOM_PRODUIT,UTILISATEUR,ID_CATEGORIE) values ('45',to_date('24/12/20','DD/MM/RR'),'1','Dorade','Rabiller Guillaume','4');
Insert into TP.PRODUIT (ID_PRODUIT,DATE_CREATION,DUREE_CONSERVATION,NOM_PRODUIT,UTILISATEUR,ID_CATEGORIE) values ('46',to_date('24/12/20','DD/MM/RR'),'1','Saumon','Rabiller Guillaume','4');
Insert into TP.PRODUIT (ID_PRODUIT,DATE_CREATION,DUREE_CONSERVATION,NOM_PRODUIT,UTILISATEUR,ID_CATEGORIE) values ('47',to_date('24/12/20','DD/MM/RR'),'3','Rondelles de calamars','Rabiller Guillaume','4');
Insert into TP.PRODUIT (ID_PRODUIT,DATE_CREATION,DUREE_CONSERVATION,NOM_PRODUIT,UTILISATEUR,ID_CATEGORIE) values ('48',to_date('24/12/20','DD/MM/RR'),'2','Sauce béarnaise','Rabiller Guillaume','6');
Insert into TP.PRODUIT (ID_PRODUIT,DATE_CREATION,DUREE_CONSERVATION,NOM_PRODUIT,UTILISATEUR,ID_CATEGORIE) values ('49',to_date('24/12/20','DD/MM/RR'),'3','Sauce pesto','Rabiller Guillaume','6');
Insert into TP.PRODUIT (ID_PRODUIT,DATE_CREATION,DUREE_CONSERVATION,NOM_PRODUIT,UTILISATEUR,ID_CATEGORIE) values ('50',to_date('24/12/20','DD/MM/RR'),'4','Poulet','Rabiller Guillaume','967');
Insert into TP.PRODUIT (ID_PRODUIT,DATE_CREATION,DUREE_CONSERVATION,NOM_PRODUIT,UTILISATEUR,ID_CATEGORIE) values ('1102',to_date('07/02/21','DD/MM/RR'),'3','Lasagnes bolognaise','Rabiller Guillaume','1101');
Insert into TP.PRODUIT (ID_PRODUIT,DATE_CREATION,DUREE_CONSERVATION,NOM_PRODUIT,UTILISATEUR,ID_CATEGORIE) values ('102',to_date('05/01/21','DD/MM/RR'),'2','Purée pomme de terre','Durand Francois','5');
REM INSERTING into TP.RELEVE_TEMP
SET DEFINE OFF;
Insert into TP.RELEVE_TEMP (ID_STOCK,DATE_ENREG_TEMP,TEMPERATURE,ID_FRIGO,NOM_UTILISATEUR) values ('581',to_timestamp('30/01/21 15:59:15,177105000','DD/MM/RR HH24:MI:SSXFF'),'4,2','369','Rabiller Guillaume');
Insert into TP.RELEVE_TEMP (ID_STOCK,DATE_ENREG_TEMP,TEMPERATURE,ID_FRIGO,NOM_UTILISATEUR) values ('582',to_timestamp('30/01/21 15:59:20,930601000','DD/MM/RR HH24:MI:SSXFF'),'4,5','370','Rabiller Guillaume');
Insert into TP.RELEVE_TEMP (ID_STOCK,DATE_ENREG_TEMP,TEMPERATURE,ID_FRIGO,NOM_UTILISATEUR) values ('583',to_timestamp('30/01/21 15:59:26,118570000','DD/MM/RR HH24:MI:SSXFF'),'4,8','383','Rabiller Guillaume');
Insert into TP.RELEVE_TEMP (ID_STOCK,DATE_ENREG_TEMP,TEMPERATURE,ID_FRIGO,NOM_UTILISATEUR) values ('641',to_timestamp('30/01/21 20:48:46,817449000','DD/MM/RR HH24:MI:SSXFF'),'0','369','Rabiller Guillaume');
Insert into TP.RELEVE_TEMP (ID_STOCK,DATE_ENREG_TEMP,TEMPERATURE,ID_FRIGO,NOM_UTILISATEUR) values ('642',to_timestamp('30/01/21 20:53:53,354577000','DD/MM/RR HH24:MI:SSXFF'),'5,4','370','Rabiller Guillaume');
Insert into TP.RELEVE_TEMP (ID_STOCK,DATE_ENREG_TEMP,TEMPERATURE,ID_FRIGO,NOM_UTILISATEUR) values ('643',to_timestamp('30/01/21 20:54:11,259557000','DD/MM/RR HH24:MI:SSXFF'),'5,4',null,'Rabiller Guillaume');
Insert into TP.RELEVE_TEMP (ID_STOCK,DATE_ENREG_TEMP,TEMPERATURE,ID_FRIGO,NOM_UTILISATEUR) values ('644',to_timestamp('30/01/21 20:59:01,434027000','DD/MM/RR HH24:MI:SSXFF'),'4,9','370','Rabiller Guillaume');
Insert into TP.RELEVE_TEMP (ID_STOCK,DATE_ENREG_TEMP,TEMPERATURE,ID_FRIGO,NOM_UTILISATEUR) values ('844',to_timestamp('01/02/21 18:14:53,259319000','DD/MM/RR HH24:MI:SSXFF'),'4,2','369','Rabiller Guillaume');
Insert into TP.RELEVE_TEMP (ID_STOCK,DATE_ENREG_TEMP,TEMPERATURE,ID_FRIGO,NOM_UTILISATEUR) values ('845',to_timestamp('01/02/21 18:15:02,955389000','DD/MM/RR HH24:MI:SSXFF'),'4,8','369','Rabiller Guillaume');
Insert into TP.RELEVE_TEMP (ID_STOCK,DATE_ENREG_TEMP,TEMPERATURE,ID_FRIGO,NOM_UTILISATEUR) values ('846',to_timestamp('01/02/21 18:15:11,695290000','DD/MM/RR HH24:MI:SSXFF'),'5,1','370','Rabiller Guillaume');
Insert into TP.RELEVE_TEMP (ID_STOCK,DATE_ENREG_TEMP,TEMPERATURE,ID_FRIGO,NOM_UTILISATEUR) values ('847',to_timestamp('01/02/21 18:15:17,875395000','DD/MM/RR HH24:MI:SSXFF'),'4,8','383','Rabiller Guillaume');
Insert into TP.RELEVE_TEMP (ID_STOCK,DATE_ENREG_TEMP,TEMPERATURE,ID_FRIGO,NOM_UTILISATEUR) values ('848',to_timestamp('01/02/21 18:15:25,893953000','DD/MM/RR HH24:MI:SSXFF'),'0','383','Rabiller Guillaume');
Insert into TP.RELEVE_TEMP (ID_STOCK,DATE_ENREG_TEMP,TEMPERATURE,ID_FRIGO,NOM_UTILISATEUR) values ('441',to_timestamp('24/01/21 11:48:32,378870000','DD/MM/RR HH24:MI:SSXFF'),'5,4','369','Rabiller Guillaume');
Insert into TP.RELEVE_TEMP (ID_STOCK,DATE_ENREG_TEMP,TEMPERATURE,ID_FRIGO,NOM_UTILISATEUR) values ('442',to_timestamp('24/01/21 11:49:21,150560000','DD/MM/RR HH24:MI:SSXFF'),'3,8','370','Rabiller Guillaume');
Insert into TP.RELEVE_TEMP (ID_STOCK,DATE_ENREG_TEMP,TEMPERATURE,ID_FRIGO,NOM_UTILISATEUR) values ('443',to_timestamp('24/01/21 11:49:28,243852000','DD/MM/RR HH24:MI:SSXFF'),'6,4','383','Rabiller Guillaume');
Insert into TP.RELEVE_TEMP (ID_STOCK,DATE_ENREG_TEMP,TEMPERATURE,ID_FRIGO,NOM_UTILISATEUR) values ('733',to_timestamp('31/01/21 18:01:58,643433000','DD/MM/RR HH24:MI:SSXFF'),'0','383','Rabiller Guillaume');
Insert into TP.RELEVE_TEMP (ID_STOCK,DATE_ENREG_TEMP,TEMPERATURE,ID_FRIGO,NOM_UTILISATEUR) values ('734',to_timestamp('31/01/21 18:02:04,586408000','DD/MM/RR HH24:MI:SSXFF'),'0','370','Rabiller Guillaume');
Insert into TP.RELEVE_TEMP (ID_STOCK,DATE_ENREG_TEMP,TEMPERATURE,ID_FRIGO,NOM_UTILISATEUR) values ('802',to_timestamp('31/01/21 18:53:39,213336000','DD/MM/RR HH24:MI:SSXFF'),'0','383','Rabiller Guillaume');
Insert into TP.RELEVE_TEMP (ID_STOCK,DATE_ENREG_TEMP,TEMPERATURE,ID_FRIGO,NOM_UTILISATEUR) values ('803',to_timestamp('31/01/21 18:53:45,701008000','DD/MM/RR HH24:MI:SSXFF'),'4,7','383','Rabiller Guillaume');
Insert into TP.RELEVE_TEMP (ID_STOCK,DATE_ENREG_TEMP,TEMPERATURE,ID_FRIGO,NOM_UTILISATEUR) values ('804',to_timestamp('31/01/21 18:53:59,040481000','DD/MM/RR HH24:MI:SSXFF'),'4,8','383','Rabiller Guillaume');
Insert into TP.RELEVE_TEMP (ID_STOCK,DATE_ENREG_TEMP,TEMPERATURE,ID_FRIGO,NOM_UTILISATEUR) values ('805',to_timestamp('31/01/21 18:56:31,962990000','DD/MM/RR HH24:MI:SSXFF'),'0','383','Rabiller Guillaume');
Insert into TP.RELEVE_TEMP (ID_STOCK,DATE_ENREG_TEMP,TEMPERATURE,ID_FRIGO,NOM_UTILISATEUR) values ('806',to_timestamp('31/01/21 18:56:38,660026000','DD/MM/RR HH24:MI:SSXFF'),'4,6','369','Rabiller Guillaume');
Insert into TP.RELEVE_TEMP (ID_STOCK,DATE_ENREG_TEMP,TEMPERATURE,ID_FRIGO,NOM_UTILISATEUR) values ('469',to_timestamp('24/01/21 18:38:37,007807000','DD/MM/RR HH24:MI:SSXFF'),'5,4','369','Rabiller Guillaume');
Insert into TP.RELEVE_TEMP (ID_STOCK,DATE_ENREG_TEMP,TEMPERATURE,ID_FRIGO,NOM_UTILISATEUR) values ('470',to_timestamp('24/01/21 18:38:43,797476000','DD/MM/RR HH24:MI:SSXFF'),'6,4','370','Rabiller Guillaume');
Insert into TP.RELEVE_TEMP (ID_STOCK,DATE_ENREG_TEMP,TEMPERATURE,ID_FRIGO,NOM_UTILISATEUR) values ('471',to_timestamp('24/01/21 18:38:49,706675000','DD/MM/RR HH24:MI:SSXFF'),'4,8','383','Rabiller Guillaume');
Insert into TP.RELEVE_TEMP (ID_STOCK,DATE_ENREG_TEMP,TEMPERATURE,ID_FRIGO,NOM_UTILISATEUR) values ('485',to_timestamp('25/01/21 18:37:05,640523000','DD/MM/RR HH24:MI:SSXFF'),'4,5','369','Rabiller Guillaume');
Insert into TP.RELEVE_TEMP (ID_STOCK,DATE_ENREG_TEMP,TEMPERATURE,ID_FRIGO,NOM_UTILISATEUR) values ('486',to_timestamp('25/01/21 18:37:13,218453000','DD/MM/RR HH24:MI:SSXFF'),'5,6','370','Rabiller Guillaume');
Insert into TP.RELEVE_TEMP (ID_STOCK,DATE_ENREG_TEMP,TEMPERATURE,ID_FRIGO,NOM_UTILISATEUR) values ('487',to_timestamp('25/01/21 18:37:18,234419000','DD/MM/RR HH24:MI:SSXFF'),'6,1','383','Rabiller Guillaume');
Insert into TP.RELEVE_TEMP (ID_STOCK,DATE_ENREG_TEMP,TEMPERATURE,ID_FRIGO,NOM_UTILISATEUR) values ('621',to_timestamp('30/01/21 20:04:20,857091000','DD/MM/RR HH24:MI:SSXFF'),'4,5','369','Rabiller Guillaume');
Insert into TP.RELEVE_TEMP (ID_STOCK,DATE_ENREG_TEMP,TEMPERATURE,ID_FRIGO,NOM_UTILISATEUR) values ('661',to_timestamp('30/01/21 21:04:34,457405000','DD/MM/RR HH24:MI:SSXFF'),'4,6','369','Rabiller Guillaume');
Insert into TP.RELEVE_TEMP (ID_STOCK,DATE_ENREG_TEMP,TEMPERATURE,ID_FRIGO,NOM_UTILISATEUR) values ('662',to_timestamp('30/01/21 21:06:43,940997000','DD/MM/RR HH24:MI:SSXFF'),'0',null,'Rabiller Guillaume');
Insert into TP.RELEVE_TEMP (ID_STOCK,DATE_ENREG_TEMP,TEMPERATURE,ID_FRIGO,NOM_UTILISATEUR) values ('663',to_timestamp('30/01/21 21:07:25,195422000','DD/MM/RR HH24:MI:SSXFF'),'0',null,'Rabiller Guillaume');
Insert into TP.RELEVE_TEMP (ID_STOCK,DATE_ENREG_TEMP,TEMPERATURE,ID_FRIGO,NOM_UTILISATEUR) values ('697',to_timestamp('31/01/21 12:15:29,232514000','DD/MM/RR HH24:MI:SSXFF'),'4,8','383','Rabiller Guillaume');
Insert into TP.RELEVE_TEMP (ID_STOCK,DATE_ENREG_TEMP,TEMPERATURE,ID_FRIGO,NOM_UTILISATEUR) values ('698',to_timestamp('31/01/21 12:15:34,560832000','DD/MM/RR HH24:MI:SSXFF'),'0',null,'Rabiller Guillaume');
Insert into TP.RELEVE_TEMP (ID_STOCK,DATE_ENREG_TEMP,TEMPERATURE,ID_FRIGO,NOM_UTILISATEUR) values ('699',to_timestamp('31/01/21 12:15:37,266066000','DD/MM/RR HH24:MI:SSXFF'),'0',null,'Rabiller Guillaume');
Insert into TP.RELEVE_TEMP (ID_STOCK,DATE_ENREG_TEMP,TEMPERATURE,ID_FRIGO,NOM_UTILISATEUR) values ('701',to_timestamp('31/01/21 17:43:04,809822000','DD/MM/RR HH24:MI:SSXFF'),'0','383','Rabiller Guillaume');
Insert into TP.RELEVE_TEMP (ID_STOCK,DATE_ENREG_TEMP,TEMPERATURE,ID_FRIGO,NOM_UTILISATEUR) values ('730',to_timestamp('31/01/21 17:58:30,486797000','DD/MM/RR HH24:MI:SSXFF'),'0','383','Rabiller Guillaume');
Insert into TP.RELEVE_TEMP (ID_STOCK,DATE_ENREG_TEMP,TEMPERATURE,ID_FRIGO,NOM_UTILISATEUR) values ('731',to_timestamp('31/01/21 17:58:35,628061000','DD/MM/RR HH24:MI:SSXFF'),'0','383','Rabiller Guillaume');
Insert into TP.RELEVE_TEMP (ID_STOCK,DATE_ENREG_TEMP,TEMPERATURE,ID_FRIGO,NOM_UTILISATEUR) values ('732',to_timestamp('31/01/21 17:58:45,928149000','DD/MM/RR HH24:MI:SSXFF'),'0','383','Rabiller Guillaume');
Insert into TP.RELEVE_TEMP (ID_STOCK,DATE_ENREG_TEMP,TEMPERATURE,ID_FRIGO,NOM_UTILISATEUR) values ('741',to_timestamp('31/01/21 18:10:48,769439000','DD/MM/RR HH24:MI:SSXFF'),'0','383','Rabiller Guillaume');
Insert into TP.RELEVE_TEMP (ID_STOCK,DATE_ENREG_TEMP,TEMPERATURE,ID_FRIGO,NOM_UTILISATEUR) values ('761',to_timestamp('31/01/21 18:19:44,969419000','DD/MM/RR HH24:MI:SSXFF'),'0','383','Rabiller Guillaume');
Insert into TP.RELEVE_TEMP (ID_STOCK,DATE_ENREG_TEMP,TEMPERATURE,ID_FRIGO,NOM_UTILISATEUR) values ('866',to_timestamp('01/02/21 18:40:00,248371000','DD/MM/RR HH24:MI:SSXFF'),'4,1','383','Rabiller Guillaume');
Insert into TP.RELEVE_TEMP (ID_STOCK,DATE_ENREG_TEMP,TEMPERATURE,ID_FRIGO,NOM_UTILISATEUR) values ('892',to_timestamp('02/02/21 21:10:45,088676000','DD/MM/RR HH24:MI:SSXFF'),'0','383','Rabiller Guillaume');
Insert into TP.RELEVE_TEMP (ID_STOCK,DATE_ENREG_TEMP,TEMPERATURE,ID_FRIGO,NOM_UTILISATEUR) values ('893',to_timestamp('02/02/21 21:12:22,452727000','DD/MM/RR HH24:MI:SSXFF'),'4,2','383','Rabiller Guillaume');
Insert into TP.RELEVE_TEMP (ID_STOCK,DATE_ENREG_TEMP,TEMPERATURE,ID_FRIGO,NOM_UTILISATEUR) values ('894',to_timestamp('02/02/21 21:13:28,972221000','DD/MM/RR HH24:MI:SSXFF'),'0','383','Rabiller Guillaume');
Insert into TP.RELEVE_TEMP (ID_STOCK,DATE_ENREG_TEMP,TEMPERATURE,ID_FRIGO,NOM_UTILISATEUR) values ('897',to_timestamp('02/02/21 21:24:55,465649000','DD/MM/RR HH24:MI:SSXFF'),'4,2','896','Rabiller Guillaume');
Insert into TP.RELEVE_TEMP (ID_STOCK,DATE_ENREG_TEMP,TEMPERATURE,ID_FRIGO,NOM_UTILISATEUR) values ('926',to_timestamp('05/02/21 11:32:51,281000000','DD/MM/RR HH24:MI:SSXFF'),'4,1','383','Rabiller Guillaume');
Insert into TP.RELEVE_TEMP (ID_STOCK,DATE_ENREG_TEMP,TEMPERATURE,ID_FRIGO,NOM_UTILISATEUR) values ('927',to_timestamp('05/02/21 11:32:58,198533000','DD/MM/RR HH24:MI:SSXFF'),'3,8','896','Rabiller Guillaume');
Insert into TP.RELEVE_TEMP (ID_STOCK,DATE_ENREG_TEMP,TEMPERATURE,ID_FRIGO,NOM_UTILISATEUR) values ('928',to_timestamp('05/02/21 11:33:04,426004000','DD/MM/RR HH24:MI:SSXFF'),'4,9','369','Rabiller Guillaume');
Insert into TP.RELEVE_TEMP (ID_STOCK,DATE_ENREG_TEMP,TEMPERATURE,ID_FRIGO,NOM_UTILISATEUR) values ('929',to_timestamp('05/02/21 11:33:11,835460000','DD/MM/RR HH24:MI:SSXFF'),'6,1','370','Rabiller Guillaume');
Insert into TP.RELEVE_TEMP (ID_STOCK,DATE_ENREG_TEMP,TEMPERATURE,ID_FRIGO,NOM_UTILISATEUR) values ('981',to_timestamp('06/02/21 09:46:36,688432000','DD/MM/RR HH24:MI:SSXFF'),'4,1','383','Rabiller Guillaume');
Insert into TP.RELEVE_TEMP (ID_STOCK,DATE_ENREG_TEMP,TEMPERATURE,ID_FRIGO,NOM_UTILISATEUR) values ('982',to_timestamp('06/02/21 09:46:43,557955000','DD/MM/RR HH24:MI:SSXFF'),'3,8','896','Rabiller Guillaume');
Insert into TP.RELEVE_TEMP (ID_STOCK,DATE_ENREG_TEMP,TEMPERATURE,ID_FRIGO,NOM_UTILISATEUR) values ('983',to_timestamp('06/02/21 09:46:49,146868000','DD/MM/RR HH24:MI:SSXFF'),'5,1','369','Rabiller Guillaume');
Insert into TP.RELEVE_TEMP (ID_STOCK,DATE_ENREG_TEMP,TEMPERATURE,ID_FRIGO,NOM_UTILISATEUR) values ('984',to_timestamp('06/02/21 09:46:54,896468000','DD/MM/RR HH24:MI:SSXFF'),'6,1','370','Rabiller Guillaume');
Insert into TP.RELEVE_TEMP (ID_STOCK,DATE_ENREG_TEMP,TEMPERATURE,ID_FRIGO,NOM_UTILISATEUR) values ('993',to_timestamp('06/02/21 10:25:15,475287000','DD/MM/RR HH24:MI:SSXFF'),'0','383','Rabiller Guillaume');
Insert into TP.RELEVE_TEMP (ID_STOCK,DATE_ENREG_TEMP,TEMPERATURE,ID_FRIGO,NOM_UTILISATEUR) values ('994',to_timestamp('06/02/21 10:26:07,556466000','DD/MM/RR HH24:MI:SSXFF'),'0','383','Rabiller Guillaume');
Insert into TP.RELEVE_TEMP (ID_STOCK,DATE_ENREG_TEMP,TEMPERATURE,ID_FRIGO,NOM_UTILISATEUR) values ('1062',to_timestamp('07/02/21 12:05:05,890765000','DD/MM/RR HH24:MI:SSXFF'),'4,1','383','Rabiller Guillaume');
Insert into TP.RELEVE_TEMP (ID_STOCK,DATE_ENREG_TEMP,TEMPERATURE,ID_FRIGO,NOM_UTILISATEUR) values ('1063',to_timestamp('07/02/21 12:05:12,624542000','DD/MM/RR HH24:MI:SSXFF'),'4,9','896','Rabiller Guillaume');
Insert into TP.RELEVE_TEMP (ID_STOCK,DATE_ENREG_TEMP,TEMPERATURE,ID_FRIGO,NOM_UTILISATEUR) values ('1064',to_timestamp('07/02/21 12:05:17,563257000','DD/MM/RR HH24:MI:SSXFF'),'6,4','369','Rabiller Guillaume');
Insert into TP.RELEVE_TEMP (ID_STOCK,DATE_ENREG_TEMP,TEMPERATURE,ID_FRIGO,NOM_UTILISATEUR) values ('1065',to_timestamp('07/02/21 12:05:24,335578000','DD/MM/RR HH24:MI:SSXFF'),'3,8','370','Rabiller Guillaume');
Insert into TP.RELEVE_TEMP (ID_STOCK,DATE_ENREG_TEMP,TEMPERATURE,ID_FRIGO,NOM_UTILISATEUR) values ('1110',to_timestamp('07/02/21 18:10:55,211685000','DD/MM/RR HH24:MI:SSXFF'),'0','383','Henry Thiery');
Insert into TP.RELEVE_TEMP (ID_STOCK,DATE_ENREG_TEMP,TEMPERATURE,ID_FRIGO,NOM_UTILISATEUR) values ('1111',to_timestamp('07/02/21 18:10:57,115279000','DD/MM/RR HH24:MI:SSXFF'),'0','383','Henry Thiery');
Insert into TP.RELEVE_TEMP (ID_STOCK,DATE_ENREG_TEMP,TEMPERATURE,ID_FRIGO,NOM_UTILISATEUR) values ('1155',to_timestamp('09/02/21 20:59:28,951806000','DD/MM/RR HH24:MI:SSXFF'),'0','896','Rabiller Guillaume');
Insert into TP.RELEVE_TEMP (ID_STOCK,DATE_ENREG_TEMP,TEMPERATURE,ID_FRIGO,NOM_UTILISATEUR) values ('1190',to_timestamp('15/02/21 18:02:23,896641000','DD/MM/RR HH24:MI:SSXFF'),'4,8','383','Rabiller Guillaume');
Insert into TP.RELEVE_TEMP (ID_STOCK,DATE_ENREG_TEMP,TEMPERATURE,ID_FRIGO,NOM_UTILISATEUR) values ('1191',to_timestamp('15/02/21 18:02:29,183905000','DD/MM/RR HH24:MI:SSXFF'),'4,1','896','Rabiller Guillaume');
Insert into TP.RELEVE_TEMP (ID_STOCK,DATE_ENREG_TEMP,TEMPERATURE,ID_FRIGO,NOM_UTILISATEUR) values ('1192',to_timestamp('15/02/21 18:02:34,381427000','DD/MM/RR HH24:MI:SSXFF'),'4,9','369','Rabiller Guillaume');
Insert into TP.RELEVE_TEMP (ID_STOCK,DATE_ENREG_TEMP,TEMPERATURE,ID_FRIGO,NOM_UTILISATEUR) values ('1193',to_timestamp('15/02/21 18:02:38,965429000','DD/MM/RR HH24:MI:SSXFF'),'6,5','370','Rabiller Guillaume');
Insert into TP.RELEVE_TEMP (ID_STOCK,DATE_ENREG_TEMP,TEMPERATURE,ID_FRIGO,NOM_UTILISATEUR) values ('1221',to_timestamp('23/02/21 11:03:14,214388000','DD/MM/RR HH24:MI:SSXFF'),'4,2','383','Rabiller Guillaume');
Insert into TP.RELEVE_TEMP (ID_STOCK,DATE_ENREG_TEMP,TEMPERATURE,ID_FRIGO,NOM_UTILISATEUR) values ('1222',to_timestamp('23/02/21 11:03:21,319868000','DD/MM/RR HH24:MI:SSXFF'),'3,8','896','Rabiller Guillaume');
Insert into TP.RELEVE_TEMP (ID_STOCK,DATE_ENREG_TEMP,TEMPERATURE,ID_FRIGO,NOM_UTILISATEUR) values ('1223',to_timestamp('23/02/21 11:03:27,012416000','DD/MM/RR HH24:MI:SSXFF'),'3,9','369','Rabiller Guillaume');
Insert into TP.RELEVE_TEMP (ID_STOCK,DATE_ENREG_TEMP,TEMPERATURE,ID_FRIGO,NOM_UTILISATEUR) values ('1224',to_timestamp('23/02/21 11:03:33,049418000','DD/MM/RR HH24:MI:SSXFF'),'5,1','370','Rabiller Guillaume');
Insert into TP.RELEVE_TEMP (ID_STOCK,DATE_ENREG_TEMP,TEMPERATURE,ID_FRIGO,NOM_UTILISATEUR) values ('1240',to_timestamp('23/02/21 11:40:53,531146000','DD/MM/RR HH24:MI:SSXFF'),'0','383','Rabiller Guillaume');
Insert into TP.RELEVE_TEMP (ID_STOCK,DATE_ENREG_TEMP,TEMPERATURE,ID_FRIGO,NOM_UTILISATEUR) values ('1243',to_timestamp('23/02/21 12:45:59,006861000','DD/MM/RR HH24:MI:SSXFF'),'0','383','Rabiller Guillaume');
Insert into TP.RELEVE_TEMP (ID_STOCK,DATE_ENREG_TEMP,TEMPERATURE,ID_FRIGO,NOM_UTILISATEUR) values ('532',to_timestamp('26/01/21 21:07:30,647801000','DD/MM/RR HH24:MI:SSXFF'),'1,2','383','Rabiller Guillaume');
Insert into TP.RELEVE_TEMP (ID_STOCK,DATE_ENREG_TEMP,TEMPERATURE,ID_FRIGO,NOM_UTILISATEUR) values ('533',to_timestamp('26/01/21 21:12:40,306963000','DD/MM/RR HH24:MI:SSXFF'),'1,2','383','Rabiller Guillaume');
Insert into TP.RELEVE_TEMP (ID_STOCK,DATE_ENREG_TEMP,TEMPERATURE,ID_FRIGO,NOM_UTILISATEUR) values ('695',to_timestamp('31/01/21 10:55:03,819011000','DD/MM/RR HH24:MI:SSXFF'),'4,5','369','Rabiller Guillaume');
Insert into TP.RELEVE_TEMP (ID_STOCK,DATE_ENREG_TEMP,TEMPERATURE,ID_FRIGO,NOM_UTILISATEUR) values ('721',to_timestamp('31/01/21 17:49:06,673864000','DD/MM/RR HH24:MI:SSXFF'),'4,7','369','Rabiller Guillaume');
Insert into TP.RELEVE_TEMP (ID_STOCK,DATE_ENREG_TEMP,TEMPERATURE,ID_FRIGO,NOM_UTILISATEUR) values ('722',to_timestamp('31/01/21 17:49:12,665355000','DD/MM/RR HH24:MI:SSXFF'),'0','383','Rabiller Guillaume');
Insert into TP.RELEVE_TEMP (ID_STOCK,DATE_ENREG_TEMP,TEMPERATURE,ID_FRIGO,NOM_UTILISATEUR) values ('723',to_timestamp('31/01/21 17:49:18,486008000','DD/MM/RR HH24:MI:SSXFF'),'4,7','370','Rabiller Guillaume');
Insert into TP.RELEVE_TEMP (ID_STOCK,DATE_ENREG_TEMP,TEMPERATURE,ID_FRIGO,NOM_UTILISATEUR) values ('724',to_timestamp('31/01/21 17:49:27,481403000','DD/MM/RR HH24:MI:SSXFF'),'5,1','383','Rabiller Guillaume');
Insert into TP.RELEVE_TEMP (ID_STOCK,DATE_ENREG_TEMP,TEMPERATURE,ID_FRIGO,NOM_UTILISATEUR) values ('781',to_timestamp('31/01/21 18:33:22,032980000','DD/MM/RR HH24:MI:SSXFF'),'0','383','Rabiller Guillaume');
Insert into TP.RELEVE_TEMP (ID_STOCK,DATE_ENREG_TEMP,TEMPERATURE,ID_FRIGO,NOM_UTILISATEUR) values ('898',to_timestamp('02/02/21 21:39:25,349151000','DD/MM/RR HH24:MI:SSXFF'),'4,2','383','Rabiller Guillaume');
Insert into TP.RELEVE_TEMP (ID_STOCK,DATE_ENREG_TEMP,TEMPERATURE,ID_FRIGO,NOM_UTILISATEUR) values ('899',to_timestamp('02/02/21 21:40:07,281991000','DD/MM/RR HH24:MI:SSXFF'),'1,2','383','Rabiller Guillaume');
Insert into TP.RELEVE_TEMP (ID_STOCK,DATE_ENREG_TEMP,TEMPERATURE,ID_FRIGO,NOM_UTILISATEUR) values ('900',to_timestamp('02/02/21 21:40:19,813034000','DD/MM/RR HH24:MI:SSXFF'),'1,2','896','Rabiller Guillaume');
Insert into TP.RELEVE_TEMP (ID_STOCK,DATE_ENREG_TEMP,TEMPERATURE,ID_FRIGO,NOM_UTILISATEUR) values ('1147',to_timestamp('09/02/21 20:07:17,166908000','DD/MM/RR HH24:MI:SSXFF'),'4,1','383','Rabiller Guillaume');
Insert into TP.RELEVE_TEMP (ID_STOCK,DATE_ENREG_TEMP,TEMPERATURE,ID_FRIGO,NOM_UTILISATEUR) values ('1148',to_timestamp('09/02/21 20:07:22,919510000','DD/MM/RR HH24:MI:SSXFF'),'4,8','896','Rabiller Guillaume');
Insert into TP.RELEVE_TEMP (ID_STOCK,DATE_ENREG_TEMP,TEMPERATURE,ID_FRIGO,NOM_UTILISATEUR) values ('1149',to_timestamp('09/02/21 20:07:28,288023000','DD/MM/RR HH24:MI:SSXFF'),'3,9','369','Rabiller Guillaume');
Insert into TP.RELEVE_TEMP (ID_STOCK,DATE_ENREG_TEMP,TEMPERATURE,ID_FRIGO,NOM_UTILISATEUR) values ('1150',to_timestamp('09/02/21 20:07:33,349774000','DD/MM/RR HH24:MI:SSXFF'),'3,4','370','Rabiller Guillaume');
Insert into TP.RELEVE_TEMP (ID_STOCK,DATE_ENREG_TEMP,TEMPERATURE,ID_FRIGO,NOM_UTILISATEUR) values ('1207',to_timestamp('22/02/21 11:35:13,644770000','DD/MM/RR HH24:MI:SSXFF'),'4,1','383','Rabiller Guillaume');
Insert into TP.RELEVE_TEMP (ID_STOCK,DATE_ENREG_TEMP,TEMPERATURE,ID_FRIGO,NOM_UTILISATEUR) values ('1208',to_timestamp('22/02/21 11:35:20,096575000','DD/MM/RR HH24:MI:SSXFF'),'3,8','896','Rabiller Guillaume');
Insert into TP.RELEVE_TEMP (ID_STOCK,DATE_ENREG_TEMP,TEMPERATURE,ID_FRIGO,NOM_UTILISATEUR) values ('1209',to_timestamp('22/02/21 11:35:26,801065000','DD/MM/RR HH24:MI:SSXFF'),'2,9','369','Rabiller Guillaume');
Insert into TP.RELEVE_TEMP (ID_STOCK,DATE_ENREG_TEMP,TEMPERATURE,ID_FRIGO,NOM_UTILISATEUR) values ('1210',to_timestamp('22/02/21 11:35:33,276938000','DD/MM/RR HH24:MI:SSXFF'),'4,9','370','Rabiller Guillaume');
Insert into TP.RELEVE_TEMP (ID_STOCK,DATE_ENREG_TEMP,TEMPERATURE,ID_FRIGO,NOM_UTILISATEUR) values ('1241',to_timestamp('23/02/21 12:19:23,511346000','DD/MM/RR HH24:MI:SSXFF'),'0','383','Henry Thiery');
Insert into TP.RELEVE_TEMP (ID_STOCK,DATE_ENREG_TEMP,TEMPERATURE,ID_FRIGO,NOM_UTILISATEUR) values ('528',to_timestamp('26/01/21 18:52:24,890977000','DD/MM/RR HH24:MI:SSXFF'),'5,1','369','Rabiller Guillaume');
Insert into TP.RELEVE_TEMP (ID_STOCK,DATE_ENREG_TEMP,TEMPERATURE,ID_FRIGO,NOM_UTILISATEUR) values ('529',to_timestamp('26/01/21 18:52:31,488962000','DD/MM/RR HH24:MI:SSXFF'),'6,1','370','Rabiller Guillaume');
Insert into TP.RELEVE_TEMP (ID_STOCK,DATE_ENREG_TEMP,TEMPERATURE,ID_FRIGO,NOM_UTILISATEUR) values ('530',to_timestamp('26/01/21 18:52:37,942929000','DD/MM/RR HH24:MI:SSXFF'),'4,9','383','Rabiller Guillaume');
Insert into TP.RELEVE_TEMP (ID_STOCK,DATE_ENREG_TEMP,TEMPERATURE,ID_FRIGO,NOM_UTILISATEUR) values ('546',to_timestamp('30/01/21 10:30:14,317314000','DD/MM/RR HH24:MI:SSXFF'),'4,2','383','Rabiller Guillaume');
Insert into TP.RELEVE_TEMP (ID_STOCK,DATE_ENREG_TEMP,TEMPERATURE,ID_FRIGO,NOM_UTILISATEUR) values ('547',to_timestamp('30/01/21 10:30:19,640620000','DD/MM/RR HH24:MI:SSXFF'),'5,3','369','Rabiller Guillaume');
Insert into TP.RELEVE_TEMP (ID_STOCK,DATE_ENREG_TEMP,TEMPERATURE,ID_FRIGO,NOM_UTILISATEUR) values ('548',to_timestamp('30/01/21 10:30:25,669174000','DD/MM/RR HH24:MI:SSXFF'),'4,8','370','Rabiller Guillaume');
Insert into TP.RELEVE_TEMP (ID_STOCK,DATE_ENREG_TEMP,TEMPERATURE,ID_FRIGO,NOM_UTILISATEUR) values ('889',to_timestamp('02/02/21 18:08:19,719680000','DD/MM/RR HH24:MI:SSXFF'),'4,1','369','Rabiller Guillaume');
Insert into TP.RELEVE_TEMP (ID_STOCK,DATE_ENREG_TEMP,TEMPERATURE,ID_FRIGO,NOM_UTILISATEUR) values ('890',to_timestamp('02/02/21 18:08:28,172705000','DD/MM/RR HH24:MI:SSXFF'),'4,2','370','Rabiller Guillaume');
Insert into TP.RELEVE_TEMP (ID_STOCK,DATE_ENREG_TEMP,TEMPERATURE,ID_FRIGO,NOM_UTILISATEUR) values ('891',to_timestamp('02/02/21 18:08:33,522520000','DD/MM/RR HH24:MI:SSXFF'),'4,8','383','Rabiller Guillaume');
Insert into TP.RELEVE_TEMP (ID_STOCK,DATE_ENREG_TEMP,TEMPERATURE,ID_FRIGO,NOM_UTILISATEUR) values ('901',to_timestamp('02/02/21 21:43:05,422522000','DD/MM/RR HH24:MI:SSXFF'),'1,5','383','Rabiller Guillaume');
Insert into TP.RELEVE_TEMP (ID_STOCK,DATE_ENREG_TEMP,TEMPERATURE,ID_FRIGO,NOM_UTILISATEUR) values ('902',to_timestamp('02/02/21 21:45:00,168683000','DD/MM/RR HH24:MI:SSXFF'),'4,2','383','Rabiller Guillaume');
Insert into TP.RELEVE_TEMP (ID_STOCK,DATE_ENREG_TEMP,TEMPERATURE,ID_FRIGO,NOM_UTILISATEUR) values ('1211',to_timestamp('22/02/21 12:34:24,393063000','DD/MM/RR HH24:MI:SSXFF'),'4,2','383','Rabiller Guillaume');
Insert into TP.RELEVE_TEMP (ID_STOCK,DATE_ENREG_TEMP,TEMPERATURE,ID_FRIGO,NOM_UTILISATEUR) values ('1212',to_timestamp('22/02/21 12:34:33,027542000','DD/MM/RR HH24:MI:SSXFF'),'3,2','896','Rabiller Guillaume');
Insert into TP.RELEVE_TEMP (ID_STOCK,DATE_ENREG_TEMP,TEMPERATURE,ID_FRIGO,NOM_UTILISATEUR) values ('1213',to_timestamp('22/02/21 12:34:38,675331000','DD/MM/RR HH24:MI:SSXFF'),'6,2','369','Rabiller Guillaume');
Insert into TP.RELEVE_TEMP (ID_STOCK,DATE_ENREG_TEMP,TEMPERATURE,ID_FRIGO,NOM_UTILISATEUR) values ('1214',to_timestamp('22/02/21 12:34:49,440871000','DD/MM/RR HH24:MI:SSXFF'),'4,3','370','Rabiller Guillaume');
REM INSERTING into TP.STATUT
SET DEFINE OFF;
Insert into TP.STATUT (ID_STATUT,NOM_STATUT) values ('21','En Stock');
Insert into TP.STATUT (ID_STATUT,NOM_STATUT) values ('22','A Contrôler');
Insert into TP.STATUT (ID_STATUT,NOM_STATUT) values ('23','Retiré');
Insert into TP.STATUT (ID_STATUT,NOM_STATUT) values ('24','Erreur');
Insert into TP.STATUT (ID_STATUT,NOM_STATUT) values ('25','Consommé');
REM INSERTING into TP.STOCK
SET DEFINE OFF;
Insert into TP.STOCK (ID_STOCK,DATE_ENTREE_STOCK,ID_PRODUIT,ID_STATUT) values ('1229',to_timestamp('23/02/21 11:03:59,211852000','DD/MM/RR HH24:MI:SSXFF'),'102','21');
Insert into TP.STOCK (ID_STOCK,DATE_ENTREE_STOCK,ID_PRODUIT,ID_STATUT) values ('1231',to_timestamp('23/02/21 11:04:03,249834000','DD/MM/RR HH24:MI:SSXFF'),'7','22');
Insert into TP.STOCK (ID_STOCK,DATE_ENTREE_STOCK,ID_PRODUIT,ID_STATUT) values ('1234',to_timestamp('23/02/21 11:04:07,295632000','DD/MM/RR HH24:MI:SSXFF'),'26','21');
Insert into TP.STOCK (ID_STOCK,DATE_ENTREE_STOCK,ID_PRODUIT,ID_STATUT) values ('1236',to_timestamp('23/02/21 11:04:10,845361000','DD/MM/RR HH24:MI:SSXFF'),'50','21');
Insert into TP.STOCK (ID_STOCK,DATE_ENTREE_STOCK,ID_PRODUIT,ID_STATUT) values ('1238',to_timestamp('23/02/21 11:04:14,146869000','DD/MM/RR HH24:MI:SSXFF'),'1102','21');
REM INSERTING into TP.STOCK_HISTORIQUE
SET DEFINE OFF;
Insert into TP.STOCK_HISTORIQUE (ID_STOCK,CATEGORIE,DATE_MOUVEMENT_STOCK,ID_PRODUIT,PRODUIT_STOCK,STATUT,UTILISATEUR) values ('153','Sauce',to_timestamp('08/01/21 23:06:57,817740000','DD/MM/RR HH24:MI:SSXFF'),'49','Sauce pesto','En Stock','Rabiller Guillaume');
Insert into TP.STOCK_HISTORIQUE (ID_STOCK,CATEGORIE,DATE_MOUVEMENT_STOCK,ID_PRODUIT,PRODUIT_STOCK,STATUT,UTILISATEUR) values ('164','Viande',to_timestamp('08/01/21 23:15:55,026584000','DD/MM/RR HH24:MI:SSXFF'),'50','Poulet','En Stock','Rabiller Guillaume');
Insert into TP.STOCK_HISTORIQUE (ID_STOCK,CATEGORIE,DATE_MOUVEMENT_STOCK,ID_PRODUIT,PRODUIT_STOCK,STATUT,UTILISATEUR) values ('166','Légumes',to_timestamp('08/01/21 23:28:57,460183000','DD/MM/RR HH24:MI:SSXFF'),'102','Purée pomme de terre','En Stock','Rabiller Guillaume');
Insert into TP.STOCK_HISTORIQUE (ID_STOCK,CATEGORIE,DATE_MOUVEMENT_STOCK,ID_PRODUIT,PRODUIT_STOCK,STATUT,UTILISATEUR) values ('168','Légumes',to_timestamp('08/01/21 23:31:34,874283000','DD/MM/RR HH24:MI:SSXFF'),'106','Haricots verts','En Stock','Rabiller Guillaume');
Insert into TP.STOCK_HISTORIQUE (ID_STOCK,CATEGORIE,DATE_MOUVEMENT_STOCK,ID_PRODUIT,PRODUIT_STOCK,STATUT,UTILISATEUR) values ('170','Poisson',to_timestamp('08/01/21 23:34:27,897211000','DD/MM/RR HH24:MI:SSXFF'),'26','Cabillaud','En Stock','Rabiller Guillaume');
Insert into TP.STOCK_HISTORIQUE (ID_STOCK,CATEGORIE,DATE_MOUVEMENT_STOCK,ID_PRODUIT,PRODUIT_STOCK,STATUT,UTILISATEUR) values ('172','Légumes',to_timestamp('08/01/21 23:49:42,815038000','DD/MM/RR HH24:MI:SSXFF'),'106','Haricots verts','En Stock','Rabiller Guillaume');
Insert into TP.STOCK_HISTORIQUE (ID_STOCK,CATEGORIE,DATE_MOUVEMENT_STOCK,ID_PRODUIT,PRODUIT_STOCK,STATUT,UTILISATEUR) values ('174','Poisson',to_timestamp('08/01/21 23:52:58,131227000','DD/MM/RR HH24:MI:SSXFF'),'47','Rondelles de calamars','En Stock','Rabiller Guillaume');
Insert into TP.STOCK_HISTORIQUE (ID_STOCK,CATEGORIE,DATE_MOUVEMENT_STOCK,ID_PRODUIT,PRODUIT_STOCK,STATUT,UTILISATEUR) values ('176','Légumes',to_timestamp('08/01/21 23:57:38,882280000','DD/MM/RR HH24:MI:SSXFF'),'27','Purée de carotte','En Stock','Rabiller Guillaume');
Insert into TP.STOCK_HISTORIQUE (ID_STOCK,CATEGORIE,DATE_MOUVEMENT_STOCK,ID_PRODUIT,PRODUIT_STOCK,STATUT,UTILISATEUR) values ('181','Légumes',to_timestamp('10/01/21 10:52:56,960760000','DD/MM/RR HH24:MI:SSXFF'),'102','Purée pomme de terre','A Contrôler','Rabiller Guillaume');
Insert into TP.STOCK_HISTORIQUE (ID_STOCK,CATEGORIE,DATE_MOUVEMENT_STOCK,ID_PRODUIT,PRODUIT_STOCK,STATUT,UTILISATEUR) values ('182','Sauce',to_timestamp('10/01/21 10:52:56,982255000','DD/MM/RR HH24:MI:SSXFF'),'49','Sauce pesto','A Contrôler','Rabiller Guillaume');
Insert into TP.STOCK_HISTORIQUE (ID_STOCK,CATEGORIE,DATE_MOUVEMENT_STOCK,ID_PRODUIT,PRODUIT_STOCK,STATUT,UTILISATEUR) values ('183','Légumes',to_timestamp('10/01/21 10:52:56,989749000','DD/MM/RR HH24:MI:SSXFF'),'106','Haricots verts','A Contrôler','Rabiller Guillaume');
Insert into TP.STOCK_HISTORIQUE (ID_STOCK,CATEGORIE,DATE_MOUVEMENT_STOCK,ID_PRODUIT,PRODUIT_STOCK,STATUT,UTILISATEUR) values ('184','Poisson',to_timestamp('10/01/21 10:52:56,997226000','DD/MM/RR HH24:MI:SSXFF'),'26','Cabillaud','A Contrôler','Rabiller Guillaume');
Insert into TP.STOCK_HISTORIQUE (ID_STOCK,CATEGORIE,DATE_MOUVEMENT_STOCK,ID_PRODUIT,PRODUIT_STOCK,STATUT,UTILISATEUR) values ('185','Légumes',to_timestamp('10/01/21 10:52:57,004714000','DD/MM/RR HH24:MI:SSXFF'),'106','Haricots verts','A Contrôler','Rabiller Guillaume');
Insert into TP.STOCK_HISTORIQUE (ID_STOCK,CATEGORIE,DATE_MOUVEMENT_STOCK,ID_PRODUIT,PRODUIT_STOCK,STATUT,UTILISATEUR) values ('186','Poisson',to_timestamp('10/01/21 10:52:57,013214000','DD/MM/RR HH24:MI:SSXFF'),'47','Rondelles de calamars','A Contrôler','Rabiller Guillaume');
Insert into TP.STOCK_HISTORIQUE (ID_STOCK,CATEGORIE,DATE_MOUVEMENT_STOCK,ID_PRODUIT,PRODUIT_STOCK,STATUT,UTILISATEUR) values ('187','Légumes',to_timestamp('10/01/21 10:52:57,019691000','DD/MM/RR HH24:MI:SSXFF'),'27','Purée de carotte','A Contrôler','Rabiller Guillaume');
Insert into TP.STOCK_HISTORIQUE (ID_STOCK,CATEGORIE,DATE_MOUVEMENT_STOCK,ID_PRODUIT,PRODUIT_STOCK,STATUT,UTILISATEUR) values ('188','Légumes',to_timestamp('10/01/21 10:52:57,025682000','DD/MM/RR HH24:MI:SSXFF'),'27','Purée de carotte','A Contrôler','Rabiller Guillaume');
Insert into TP.STOCK_HISTORIQUE (ID_STOCK,CATEGORIE,DATE_MOUVEMENT_STOCK,ID_PRODUIT,PRODUIT_STOCK,STATUT,UTILISATEUR) values ('189','Viande',to_timestamp('10/01/21 10:52:57,032669000','DD/MM/RR HH24:MI:SSXFF'),'51','Pilons de poulet','A Contrôler','Rabiller Guillaume');
Insert into TP.STOCK_HISTORIQUE (ID_STOCK,CATEGORIE,DATE_MOUVEMENT_STOCK,ID_PRODUIT,PRODUIT_STOCK,STATUT,UTILISATEUR) values ('190','Viande',to_timestamp('10/01/21 10:52:57,038160000','DD/MM/RR HH24:MI:SSXFF'),'51','Pilons de poulet','A Contrôler','Rabiller Guillaume');
Insert into TP.STOCK_HISTORIQUE (ID_STOCK,CATEGORIE,DATE_MOUVEMENT_STOCK,ID_PRODUIT,PRODUIT_STOCK,STATUT,UTILISATEUR) values ('191','Poisson',to_timestamp('10/01/21 10:52:57,042689000','DD/MM/RR HH24:MI:SSXFF'),'26','Cabillaud','A Contrôler','Rabiller Guillaume');
Insert into TP.STOCK_HISTORIQUE (ID_STOCK,CATEGORIE,DATE_MOUVEMENT_STOCK,ID_PRODUIT,PRODUIT_STOCK,STATUT,UTILISATEUR) values ('192','Poisson',to_timestamp('10/01/21 10:52:57,048671000','DD/MM/RR HH24:MI:SSXFF'),'47','Rondelles de calamars','A Contrôler','Rabiller Guillaume');
Insert into TP.STOCK_HISTORIQUE (ID_STOCK,CATEGORIE,DATE_MOUVEMENT_STOCK,ID_PRODUIT,PRODUIT_STOCK,STATUT,UTILISATEUR) values ('193','Viande',to_timestamp('10/01/21 10:53:13,702618000','DD/MM/RR HH24:MI:SSXFF'),'7','steaks hachés','Retiré','Rabiller Guillaume');
Insert into TP.STOCK_HISTORIQUE (ID_STOCK,CATEGORIE,DATE_MOUVEMENT_STOCK,ID_PRODUIT,PRODUIT_STOCK,STATUT,UTILISATEUR) values ('194','Légumes',to_timestamp('10/01/21 10:53:21,606706000','DD/MM/RR HH24:MI:SSXFF'),'102','Purée pomme de terre','Consommé','Rabiller Guillaume');
Insert into TP.STOCK_HISTORIQUE (ID_STOCK,CATEGORIE,DATE_MOUVEMENT_STOCK,ID_PRODUIT,PRODUIT_STOCK,STATUT,UTILISATEUR) values ('195','Poisson',to_timestamp('10/01/21 10:53:25,964017000','DD/MM/RR HH24:MI:SSXFF'),'26','Cabillaud','Consommé','Rabiller Guillaume');
Insert into TP.STOCK_HISTORIQUE (ID_STOCK,CATEGORIE,DATE_MOUVEMENT_STOCK,ID_PRODUIT,PRODUIT_STOCK,STATUT,UTILISATEUR) values ('208','Légumes',to_timestamp('10/01/21 11:22:00,647341000','DD/MM/RR HH24:MI:SSXFF'),'106','Haricots verts','En Stock','Rabiller Guillaume');
Insert into TP.STOCK_HISTORIQUE (ID_STOCK,CATEGORIE,DATE_MOUVEMENT_STOCK,ID_PRODUIT,PRODUIT_STOCK,STATUT,UTILISATEUR) values ('210','Viande',to_timestamp('10/01/21 11:22:14,659765000','DD/MM/RR HH24:MI:SSXFF'),'7','steaks hachés','En Stock','Rabiller Guillaume');
Insert into TP.STOCK_HISTORIQUE (ID_STOCK,CATEGORIE,DATE_MOUVEMENT_STOCK,ID_PRODUIT,PRODUIT_STOCK,STATUT,UTILISATEUR) values ('211','Viande',to_timestamp('10/01/21 11:22:14,687220000','DD/MM/RR HH24:MI:SSXFF'),'7','steaks hachés','A Contrôler','Rabiller Guillaume');
Insert into TP.STOCK_HISTORIQUE (ID_STOCK,CATEGORIE,DATE_MOUVEMENT_STOCK,ID_PRODUIT,PRODUIT_STOCK,STATUT,UTILISATEUR) values ('213','Poisson',to_timestamp('10/01/21 11:22:34,314119000','DD/MM/RR HH24:MI:SSXFF'),'46','Saumon','En Stock','Rabiller Guillaume');
Insert into TP.STOCK_HISTORIQUE (ID_STOCK,CATEGORIE,DATE_MOUVEMENT_STOCK,ID_PRODUIT,PRODUIT_STOCK,STATUT,UTILISATEUR) values ('214','Poisson',to_timestamp('10/01/21 11:22:34,354386000','DD/MM/RR HH24:MI:SSXFF'),'46','Saumon','A Contrôler','Rabiller Guillaume');
Insert into TP.STOCK_HISTORIQUE (ID_STOCK,CATEGORIE,DATE_MOUVEMENT_STOCK,ID_PRODUIT,PRODUIT_STOCK,STATUT,UTILISATEUR) values ('216','Sauce',to_timestamp('10/01/21 11:22:47,358306000','DD/MM/RR HH24:MI:SSXFF'),'49','Sauce pesto','En Stock','Rabiller Guillaume');
Insert into TP.STOCK_HISTORIQUE (ID_STOCK,CATEGORIE,DATE_MOUVEMENT_STOCK,ID_PRODUIT,PRODUIT_STOCK,STATUT,UTILISATEUR) values ('226','Poisson',to_timestamp('10/01/21 12:06:13,137878000','DD/MM/RR HH24:MI:SSXFF'),'47','Rondelles de calamars','En Stock','Rabiller Guillaume');
Insert into TP.STOCK_HISTORIQUE (ID_STOCK,CATEGORIE,DATE_MOUVEMENT_STOCK,ID_PRODUIT,PRODUIT_STOCK,STATUT,UTILISATEUR) values ('228','Légumes',to_timestamp('10/01/21 12:06:43,726294000','DD/MM/RR HH24:MI:SSXFF'),'27','Purée de carotte','En Stock','Rabiller Guillaume');
Insert into TP.STOCK_HISTORIQUE (ID_STOCK,CATEGORIE,DATE_MOUVEMENT_STOCK,ID_PRODUIT,PRODUIT_STOCK,STATUT,UTILISATEUR) values ('841','Poisson',to_timestamp('01/02/21 18:14:39,563868000','DD/MM/RR HH24:MI:SSXFF'),'567','Rondelles de calamars','A Contrôler','Rabiller Guillaume');
Insert into TP.STOCK_HISTORIQUE (ID_STOCK,CATEGORIE,DATE_MOUVEMENT_STOCK,ID_PRODUIT,PRODUIT_STOCK,STATUT,UTILISATEUR) values ('842','Sauce',to_timestamp('01/02/21 18:14:39,591823000','DD/MM/RR HH24:MI:SSXFF'),'571','Sauce pesto','A Contrôler','Rabiller Guillaume');
Insert into TP.STOCK_HISTORIQUE (ID_STOCK,CATEGORIE,DATE_MOUVEMENT_STOCK,ID_PRODUIT,PRODUIT_STOCK,STATUT,UTILISATEUR) values ('843','Poisson',to_timestamp('01/02/21 18:14:39,595817000','DD/MM/RR HH24:MI:SSXFF'),'689','Cabillaud','A Contrôler','Rabiller Guillaume');
Insert into TP.STOCK_HISTORIQUE (ID_STOCK,CATEGORIE,DATE_MOUVEMENT_STOCK,ID_PRODUIT,PRODUIT_STOCK,STATUT,UTILISATEUR) values ('849','Poisson',to_timestamp('01/02/21 18:15:38,821260000','DD/MM/RR HH24:MI:SSXFF'),'601','Dorade','Retiré','Rabiller Guillaume');
Insert into TP.STOCK_HISTORIQUE (ID_STOCK,CATEGORIE,DATE_MOUVEMENT_STOCK,ID_PRODUIT,PRODUIT_STOCK,STATUT,UTILISATEUR) values ('850','Poisson',to_timestamp('01/02/21 18:15:42,166962000','DD/MM/RR HH24:MI:SSXFF'),'559','Cabillaud','Retiré','Rabiller Guillaume');
Insert into TP.STOCK_HISTORIQUE (ID_STOCK,CATEGORIE,DATE_MOUVEMENT_STOCK,ID_PRODUIT,PRODUIT_STOCK,STATUT,UTILISATEUR) values ('851','Légumes',to_timestamp('01/02/21 18:15:45,263677000','DD/MM/RR HH24:MI:SSXFF'),'575','Purée pomme de terre','Retiré','Rabiller Guillaume');
Insert into TP.STOCK_HISTORIQUE (ID_STOCK,CATEGORIE,DATE_MOUVEMENT_STOCK,ID_PRODUIT,PRODUIT_STOCK,STATUT,UTILISATEUR) values ('852','Poisson',to_timestamp('01/02/21 18:15:49,126727000','DD/MM/RR HH24:MI:SSXFF'),'622','Cabillaud','Consommé','Rabiller Guillaume');
Insert into TP.STOCK_HISTORIQUE (ID_STOCK,CATEGORIE,DATE_MOUVEMENT_STOCK,ID_PRODUIT,PRODUIT_STOCK,STATUT,UTILISATEUR) values ('853','Poisson',to_timestamp('01/02/21 18:15:55,332668000','DD/MM/RR HH24:MI:SSXFF'),'567','Rondelles de calamars','Consommé','Rabiller Guillaume');
Insert into TP.STOCK_HISTORIQUE (ID_STOCK,CATEGORIE,DATE_MOUVEMENT_STOCK,ID_PRODUIT,PRODUIT_STOCK,STATUT,UTILISATEUR) values ('854','Sauce',to_timestamp('01/02/21 18:16:00,623443000','DD/MM/RR HH24:MI:SSXFF'),'571','Sauce pesto','Consommé','Rabiller Guillaume');
Insert into TP.STOCK_HISTORIQUE (ID_STOCK,CATEGORIE,DATE_MOUVEMENT_STOCK,ID_PRODUIT,PRODUIT_STOCK,STATUT,UTILISATEUR) values ('856','Sauce',to_timestamp('01/02/21 18:16:07,914810000','DD/MM/RR HH24:MI:SSXFF'),'855','Sauce tartare','En Stock','Rabiller Guillaume');
Insert into TP.STOCK_HISTORIQUE (ID_STOCK,CATEGORIE,DATE_MOUVEMENT_STOCK,ID_PRODUIT,PRODUIT_STOCK,STATUT,UTILISATEUR) values ('858','Légumes',to_timestamp('01/02/21 18:16:12,371816000','DD/MM/RR HH24:MI:SSXFF'),'857','Haricots verts','En Stock','Rabiller Guillaume');
Insert into TP.STOCK_HISTORIQUE (ID_STOCK,CATEGORIE,DATE_MOUVEMENT_STOCK,ID_PRODUIT,PRODUIT_STOCK,STATUT,UTILISATEUR) values ('860','Poisson',to_timestamp('01/02/21 18:16:16,187399000','DD/MM/RR HH24:MI:SSXFF'),'859','Cabillaud','En Stock','Rabiller Guillaume');
Insert into TP.STOCK_HISTORIQUE (ID_STOCK,CATEGORIE,DATE_MOUVEMENT_STOCK,ID_PRODUIT,PRODUIT_STOCK,STATUT,UTILISATEUR) values ('862','Viande',to_timestamp('01/02/21 18:16:20,986452000','DD/MM/RR HH24:MI:SSXFF'),'861','Magret de canard','En Stock','Rabiller Guillaume');
Insert into TP.STOCK_HISTORIQUE (ID_STOCK,CATEGORIE,DATE_MOUVEMENT_STOCK,ID_PRODUIT,PRODUIT_STOCK,STATUT,UTILISATEUR) values ('864','Poisson',to_timestamp('01/02/21 18:16:38,255968000','DD/MM/RR HH24:MI:SSXFF'),'863','Rondelles de calamars','En Stock','Rabiller Guillaume');
Insert into TP.STOCK_HISTORIQUE (ID_STOCK,CATEGORIE,DATE_MOUVEMENT_STOCK,ID_PRODUIT,PRODUIT_STOCK,STATUT,UTILISATEUR) values ('1226','Viandes blanches',to_timestamp('23/02/21 11:03:49,528158000','DD/MM/RR HH24:MI:SSXFF'),'1184','Poulet','Erreur','Rabiller Guillaume');
Insert into TP.STOCK_HISTORIQUE (ID_STOCK,CATEGORIE,DATE_MOUVEMENT_STOCK,ID_PRODUIT,PRODUIT_STOCK,STATUT,UTILISATEUR) values ('1227','Sauces',to_timestamp('23/02/21 11:03:53,777369000','DD/MM/RR HH24:MI:SSXFF'),'1186','Sauce tartare','Consommé','Rabiller Guillaume');
Insert into TP.STOCK_HISTORIQUE (ID_STOCK,CATEGORIE,DATE_MOUVEMENT_STOCK,ID_PRODUIT,PRODUIT_STOCK,STATUT,UTILISATEUR) values ('1228','Sauces',to_timestamp('23/02/21 11:03:55,928207000','DD/MM/RR HH24:MI:SSXFF'),'1188','Sauce pesto','Consommé','Rabiller Guillaume');
Insert into TP.STOCK_HISTORIQUE (ID_STOCK,CATEGORIE,DATE_MOUVEMENT_STOCK,ID_PRODUIT,PRODUIT_STOCK,STATUT,UTILISATEUR) values ('1230','Légumes',to_timestamp('23/02/21 11:03:59,216344000','DD/MM/RR HH24:MI:SSXFF'),'1229','Purée pomme de terre','En Stock','Rabiller Guillaume');
Insert into TP.STOCK_HISTORIQUE (ID_STOCK,CATEGORIE,DATE_MOUVEMENT_STOCK,ID_PRODUIT,PRODUIT_STOCK,STATUT,UTILISATEUR) values ('1232','Viandes rouges',to_timestamp('23/02/21 11:04:03,253330000','DD/MM/RR HH24:MI:SSXFF'),'1231','steaks hachés','En Stock','Rabiller Guillaume');
Insert into TP.STOCK_HISTORIQUE (ID_STOCK,CATEGORIE,DATE_MOUVEMENT_STOCK,ID_PRODUIT,PRODUIT_STOCK,STATUT,UTILISATEUR) values ('1233','Viandes rouges',to_timestamp('23/02/21 11:04:03,304247000','DD/MM/RR HH24:MI:SSXFF'),'1231','steaks hachés','A Contrôler','Rabiller Guillaume');
Insert into TP.STOCK_HISTORIQUE (ID_STOCK,CATEGORIE,DATE_MOUVEMENT_STOCK,ID_PRODUIT,PRODUIT_STOCK,STATUT,UTILISATEUR) values ('1235','Poissons',to_timestamp('23/02/21 11:04:07,297130000','DD/MM/RR HH24:MI:SSXFF'),'1234','Cabillaud','En Stock','Rabiller Guillaume');
Insert into TP.STOCK_HISTORIQUE (ID_STOCK,CATEGORIE,DATE_MOUVEMENT_STOCK,ID_PRODUIT,PRODUIT_STOCK,STATUT,UTILISATEUR) values ('1237','Viandes blanches',to_timestamp('23/02/21 11:04:10,846859000','DD/MM/RR HH24:MI:SSXFF'),'1236','Poulet','En Stock','Rabiller Guillaume');
Insert into TP.STOCK_HISTORIQUE (ID_STOCK,CATEGORIE,DATE_MOUVEMENT_STOCK,ID_PRODUIT,PRODUIT_STOCK,STATUT,UTILISATEUR) values ('1239','Plats préparés',to_timestamp('23/02/21 11:04:14,148367000','DD/MM/RR HH24:MI:SSXFF'),'1238','Lasagnes bolognaise','En Stock','Rabiller Guillaume');
Insert into TP.STOCK_HISTORIQUE (ID_STOCK,CATEGORIE,DATE_MOUVEMENT_STOCK,ID_PRODUIT,PRODUIT_STOCK,STATUT,UTILISATEUR) values ('1242','Poissons',to_timestamp('23/02/21 12:19:28,758604000','DD/MM/RR HH24:MI:SSXFF'),'1176','Saumon','Retiré','Henry Thiery');
Insert into TP.STOCK_HISTORIQUE (ID_STOCK,CATEGORIE,DATE_MOUVEMENT_STOCK,ID_PRODUIT,PRODUIT_STOCK,STATUT,UTILISATEUR) values ('151','Légumes',to_timestamp('08/01/21 14:35:30,170179000','DD/MM/RR HH24:MI:SSXFF'),'27','Purée de carotte','En Stock','Rabiller Guillaume');
Insert into TP.STOCK_HISTORIQUE (ID_STOCK,CATEGORIE,DATE_MOUVEMENT_STOCK,ID_PRODUIT,PRODUIT_STOCK,STATUT,UTILISATEUR) values ('222','Sauce',to_timestamp('10/01/21 11:52:30,090395000','DD/MM/RR HH24:MI:SSXFF'),'48','Sauce béarnaise','En Stock','Rabiller Guillaume');
Insert into TP.STOCK_HISTORIQUE (ID_STOCK,CATEGORIE,DATE_MOUVEMENT_STOCK,ID_PRODUIT,PRODUIT_STOCK,STATUT,UTILISATEUR) values ('224','Viande',to_timestamp('10/01/21 12:00:16,821740000','DD/MM/RR HH24:MI:SSXFF'),'50','Poulet','En Stock','Rabiller Guillaume');
Insert into TP.STOCK_HISTORIQUE (ID_STOCK,CATEGORIE,DATE_MOUVEMENT_STOCK,ID_PRODUIT,PRODUIT_STOCK,STATUT,UTILISATEUR) values ('261','Sauce',to_timestamp('16/01/21 11:14:02,863399000','DD/MM/RR HH24:MI:SSXFF'),'49','Sauce pesto','A Contrôler','Rabiller Guillaume');
Insert into TP.STOCK_HISTORIQUE (ID_STOCK,CATEGORIE,DATE_MOUVEMENT_STOCK,ID_PRODUIT,PRODUIT_STOCK,STATUT,UTILISATEUR) values ('262','Légumes',to_timestamp('16/01/21 11:14:10,893726000','DD/MM/RR HH24:MI:SSXFF'),'106','Haricots verts','Retiré','Rabiller Guillaume');
Insert into TP.STOCK_HISTORIQUE (ID_STOCK,CATEGORIE,DATE_MOUVEMENT_STOCK,ID_PRODUIT,PRODUIT_STOCK,STATUT,UTILISATEUR) values ('263','Viande',to_timestamp('16/01/21 11:14:13,460552000','DD/MM/RR HH24:MI:SSXFF'),'7','steaks hachés','Erreur','Rabiller Guillaume');
Insert into TP.STOCK_HISTORIQUE (ID_STOCK,CATEGORIE,DATE_MOUVEMENT_STOCK,ID_PRODUIT,PRODUIT_STOCK,STATUT,UTILISATEUR) values ('264','Sauce',to_timestamp('16/01/21 11:14:15,969107000','DD/MM/RR HH24:MI:SSXFF'),'49','Sauce pesto','Consommé','Rabiller Guillaume');
Insert into TP.STOCK_HISTORIQUE (ID_STOCK,CATEGORIE,DATE_MOUVEMENT_STOCK,ID_PRODUIT,PRODUIT_STOCK,STATUT,UTILISATEUR) values ('265','Poisson',to_timestamp('16/01/21 11:14:18,615072000','DD/MM/RR HH24:MI:SSXFF'),'47','Rondelles de calamars','Erreur','Rabiller Guillaume');
Insert into TP.STOCK_HISTORIQUE (ID_STOCK,CATEGORIE,DATE_MOUVEMENT_STOCK,ID_PRODUIT,PRODUIT_STOCK,STATUT,UTILISATEUR) values ('266','Légumes',to_timestamp('16/01/21 11:14:21,061157000','DD/MM/RR HH24:MI:SSXFF'),'27','Purée de carotte','Consommé','Rabiller Guillaume');
Insert into TP.STOCK_HISTORIQUE (ID_STOCK,CATEGORIE,DATE_MOUVEMENT_STOCK,ID_PRODUIT,PRODUIT_STOCK,STATUT,UTILISATEUR) values ('267','Sauce',to_timestamp('16/01/21 11:14:23,337958000','DD/MM/RR HH24:MI:SSXFF'),'48','Sauce béarnaise','Erreur','Rabiller Guillaume');
Insert into TP.STOCK_HISTORIQUE (ID_STOCK,CATEGORIE,DATE_MOUVEMENT_STOCK,ID_PRODUIT,PRODUIT_STOCK,STATUT,UTILISATEUR) values ('268','Sauce',to_timestamp('16/01/21 11:14:25,514022000','DD/MM/RR HH24:MI:SSXFF'),'49','Sauce pesto','Retiré','Rabiller Guillaume');
Insert into TP.STOCK_HISTORIQUE (ID_STOCK,CATEGORIE,DATE_MOUVEMENT_STOCK,ID_PRODUIT,PRODUIT_STOCK,STATUT,UTILISATEUR) values ('269','Poisson',to_timestamp('16/01/21 11:14:27,958087000','DD/MM/RR HH24:MI:SSXFF'),'46','Saumon','Erreur','Rabiller Guillaume');
Insert into TP.STOCK_HISTORIQUE (ID_STOCK,CATEGORIE,DATE_MOUVEMENT_STOCK,ID_PRODUIT,PRODUIT_STOCK,STATUT,UTILISATEUR) values ('271','Viande',to_timestamp('16/01/21 11:18:26,920602000','DD/MM/RR HH24:MI:SSXFF'),'7','steaks hachés','En Stock','Rabiller Guillaume');
Insert into TP.STOCK_HISTORIQUE (ID_STOCK,CATEGORIE,DATE_MOUVEMENT_STOCK,ID_PRODUIT,PRODUIT_STOCK,STATUT,UTILISATEUR) values ('272','Viande',to_timestamp('16/01/21 11:18:27,503469000','DD/MM/RR HH24:MI:SSXFF'),'7','steaks hachés','A Contrôler','Rabiller Guillaume');
Insert into TP.STOCK_HISTORIQUE (ID_STOCK,CATEGORIE,DATE_MOUVEMENT_STOCK,ID_PRODUIT,PRODUIT_STOCK,STATUT,UTILISATEUR) values ('324','Sauce',to_timestamp('18/01/21 18:56:34,029264000','DD/MM/RR HH24:MI:SSXFF'),'323','Sauce pesto','En Stock','Rabiller Guillaume');
Insert into TP.STOCK_HISTORIQUE (ID_STOCK,CATEGORIE,DATE_MOUVEMENT_STOCK,ID_PRODUIT,PRODUIT_STOCK,STATUT,UTILISATEUR) values ('326','Légumes',to_timestamp('18/01/21 18:56:38,981182000','DD/MM/RR HH24:MI:SSXFF'),'325','Purée de carotte','En Stock','Rabiller Guillaume');
Insert into TP.STOCK_HISTORIQUE (ID_STOCK,CATEGORIE,DATE_MOUVEMENT_STOCK,ID_PRODUIT,PRODUIT_STOCK,STATUT,UTILISATEUR) values ('327','Sauce',to_timestamp('18/01/21 18:56:50,437139000','DD/MM/RR HH24:MI:SSXFF'),'323','Sauce pesto','Consommé','Rabiller Guillaume');
Insert into TP.STOCK_HISTORIQUE (ID_STOCK,CATEGORIE,DATE_MOUVEMENT_STOCK,ID_PRODUIT,PRODUIT_STOCK,STATUT,UTILISATEUR) values ('821','Poisson',to_timestamp('31/01/21 19:11:07,378978000','DD/MM/RR HH24:MI:SSXFF'),'622','Cabillaud','A Contrôler','Rabiller Guillaume');
Insert into TP.STOCK_HISTORIQUE (ID_STOCK,CATEGORIE,DATE_MOUVEMENT_STOCK,ID_PRODUIT,PRODUIT_STOCK,STATUT,UTILISATEUR) values ('1069','Poisson',to_timestamp('07/02/21 12:38:39,095740000','DD/MM/RR HH24:MI:SSXFF'),'1068','Saumon','En Stock','Rabiller Guillaume');
Insert into TP.STOCK_HISTORIQUE (ID_STOCK,CATEGORIE,DATE_MOUVEMENT_STOCK,ID_PRODUIT,PRODUIT_STOCK,STATUT,UTILISATEUR) values ('162','Viande',to_timestamp('08/01/21 23:09:19,546124000','DD/MM/RR HH24:MI:SSXFF'),'51','Pilons de poulet','En Stock','Rabiller Guillaume');
Insert into TP.STOCK_HISTORIQUE (ID_STOCK,CATEGORIE,DATE_MOUVEMENT_STOCK,ID_PRODUIT,PRODUIT_STOCK,STATUT,UTILISATEUR) values ('321','Sauce',to_timestamp('18/01/21 18:15:34,753217000','DD/MM/RR HH24:MI:SSXFF'),'278','Sauce pesto','A Contrôler','anonymousUser');
Insert into TP.STOCK_HISTORIQUE (ID_STOCK,CATEGORIE,DATE_MOUVEMENT_STOCK,ID_PRODUIT,PRODUIT_STOCK,STATUT,UTILISATEUR) values ('322','Légumes',to_timestamp('18/01/21 18:15:34,776180000','DD/MM/RR HH24:MI:SSXFF'),'273','Haricots verts','A Contrôler','anonymousUser');
Insert into TP.STOCK_HISTORIQUE (ID_STOCK,CATEGORIE,DATE_MOUVEMENT_STOCK,ID_PRODUIT,PRODUIT_STOCK,STATUT,UTILISATEUR) values ('381','Légumes',to_timestamp('23/01/21 08:33:55,769310000','DD/MM/RR HH24:MI:SSXFF'),'345','Haricots verts','A Contrôler','Rabiller Guillaume');
Insert into TP.STOCK_HISTORIQUE (ID_STOCK,CATEGORIE,DATE_MOUVEMENT_STOCK,ID_PRODUIT,PRODUIT_STOCK,STATUT,UTILISATEUR) values ('382','Légumes',to_timestamp('23/01/21 08:33:55,792772000','DD/MM/RR HH24:MI:SSXFF'),'347','Purée de carotte','A Contrôler','Rabiller Guillaume');
Insert into TP.STOCK_HISTORIQUE (ID_STOCK,CATEGORIE,DATE_MOUVEMENT_STOCK,ID_PRODUIT,PRODUIT_STOCK,STATUT,UTILISATEUR) values ('422','Poisson',to_timestamp('23/01/21 19:02:05,412854000','DD/MM/RR HH24:MI:SSXFF'),'421','Rondelles de calamars','En Stock','Rabiller Guillaume');
Insert into TP.STOCK_HISTORIQUE (ID_STOCK,CATEGORIE,DATE_MOUVEMENT_STOCK,ID_PRODUIT,PRODUIT_STOCK,STATUT,UTILISATEUR) values ('424','Poisson',to_timestamp('23/01/21 19:02:15,465320000','DD/MM/RR HH24:MI:SSXFF'),'423','Cabillaud','En Stock','Rabiller Guillaume');
Insert into TP.STOCK_HISTORIQUE (ID_STOCK,CATEGORIE,DATE_MOUVEMENT_STOCK,ID_PRODUIT,PRODUIT_STOCK,STATUT,UTILISATEUR) values ('426','Viande',to_timestamp('23/01/21 19:02:28,103233000','DD/MM/RR HH24:MI:SSXFF'),'425','steaks hachés','En Stock','Rabiller Guillaume');
Insert into TP.STOCK_HISTORIQUE (ID_STOCK,CATEGORIE,DATE_MOUVEMENT_STOCK,ID_PRODUIT,PRODUIT_STOCK,STATUT,UTILISATEUR) values ('427','Viande',to_timestamp('23/01/21 19:02:28,193884000','DD/MM/RR HH24:MI:SSXFF'),'425','steaks hachés','A Contrôler','Rabiller Guillaume');
Insert into TP.STOCK_HISTORIQUE (ID_STOCK,CATEGORIE,DATE_MOUVEMENT_STOCK,ID_PRODUIT,PRODUIT_STOCK,STATUT,UTILISATEUR) values ('461','Poisson',to_timestamp('24/01/21 18:29:15,148047000','DD/MM/RR HH24:MI:SSXFF'),'423','Cabillaud','A Contrôler','Rabiller Guillaume');
Insert into TP.STOCK_HISTORIQUE (ID_STOCK,CATEGORIE,DATE_MOUVEMENT_STOCK,ID_PRODUIT,PRODUIT_STOCK,STATUT,UTILISATEUR) values ('462','Légumes',to_timestamp('24/01/21 18:29:15,172008000','DD/MM/RR HH24:MI:SSXFF'),'409','Purée pomme de terre','A Contrôler','Rabiller Guillaume');
Insert into TP.STOCK_HISTORIQUE (ID_STOCK,CATEGORIE,DATE_MOUVEMENT_STOCK,ID_PRODUIT,PRODUIT_STOCK,STATUT,UTILISATEUR) values ('464','Poisson',to_timestamp('24/01/21 18:29:51,797645000','DD/MM/RR HH24:MI:SSXFF'),'463','Cabillaud','En Stock','Rabiller Guillaume');
Insert into TP.STOCK_HISTORIQUE (ID_STOCK,CATEGORIE,DATE_MOUVEMENT_STOCK,ID_PRODUIT,PRODUIT_STOCK,STATUT,UTILISATEUR) values ('466','Poisson',to_timestamp('24/01/21 18:30:06,292716000','DD/MM/RR HH24:MI:SSXFF'),'465','Rondelles de calamars','En Stock','Rabiller Guillaume');
Insert into TP.STOCK_HISTORIQUE (ID_STOCK,CATEGORIE,DATE_MOUVEMENT_STOCK,ID_PRODUIT,PRODUIT_STOCK,STATUT,UTILISATEUR) values ('468','Légumes',to_timestamp('24/01/21 18:30:11,913149000','DD/MM/RR HH24:MI:SSXFF'),'467','Purée pomme de terre','En Stock','Rabiller Guillaume');
Insert into TP.STOCK_HISTORIQUE (ID_STOCK,CATEGORIE,DATE_MOUVEMENT_STOCK,ID_PRODUIT,PRODUIT_STOCK,STATUT,UTILISATEUR) values ('472','Poisson',to_timestamp('24/01/21 18:39:52,830198000','DD/MM/RR HH24:MI:SSXFF'),'401','Saumon','Consommé','Rabiller Guillaume');
Insert into TP.STOCK_HISTORIQUE (ID_STOCK,CATEGORIE,DATE_MOUVEMENT_STOCK,ID_PRODUIT,PRODUIT_STOCK,STATUT,UTILISATEUR) values ('473','Viande',to_timestamp('24/01/21 18:39:57,881065000','DD/MM/RR HH24:MI:SSXFF'),'404','steaks hachés','Retiré','Rabiller Guillaume');
Insert into TP.STOCK_HISTORIQUE (ID_STOCK,CATEGORIE,DATE_MOUVEMENT_STOCK,ID_PRODUIT,PRODUIT_STOCK,STATUT,UTILISATEUR) values ('481','Poisson',to_timestamp('25/01/21 18:35:46,425958000','DD/MM/RR HH24:MI:SSXFF'),'421','Rondelles de calamars','A Contrôler','Rabiller Guillaume');
Insert into TP.STOCK_HISTORIQUE (ID_STOCK,CATEGORIE,DATE_MOUVEMENT_STOCK,ID_PRODUIT,PRODUIT_STOCK,STATUT,UTILISATEUR) values ('482','Poisson',to_timestamp('25/01/21 18:35:46,448422000','DD/MM/RR HH24:MI:SSXFF'),'463','Cabillaud','A Contrôler','Rabiller Guillaume');
Insert into TP.STOCK_HISTORIQUE (ID_STOCK,CATEGORIE,DATE_MOUVEMENT_STOCK,ID_PRODUIT,PRODUIT_STOCK,STATUT,UTILISATEUR) values ('483','Légumes',to_timestamp('25/01/21 18:35:46,455920000','DD/MM/RR HH24:MI:SSXFF'),'467','Purée pomme de terre','A Contrôler','Rabiller Guillaume');
Insert into TP.STOCK_HISTORIQUE (ID_STOCK,CATEGORIE,DATE_MOUVEMENT_STOCK,ID_PRODUIT,PRODUIT_STOCK,STATUT,UTILISATEUR) values ('484','Viande',to_timestamp('25/01/21 18:35:46,464406000','DD/MM/RR HH24:MI:SSXFF'),'407','Pilons de poulet','A Contrôler','Rabiller Guillaume');
Insert into TP.STOCK_HISTORIQUE (ID_STOCK,CATEGORIE,DATE_MOUVEMENT_STOCK,ID_PRODUIT,PRODUIT_STOCK,STATUT,UTILISATEUR) values ('488','Viande',to_timestamp('25/01/21 18:37:30,052940000','DD/MM/RR HH24:MI:SSXFF'),'425','steaks hachés','Retiré','Rabiller Guillaume');
Insert into TP.STOCK_HISTORIQUE (ID_STOCK,CATEGORIE,DATE_MOUVEMENT_STOCK,ID_PRODUIT,PRODUIT_STOCK,STATUT,UTILISATEUR) values ('489','Poisson',to_timestamp('25/01/21 18:37:34,799445000','DD/MM/RR HH24:MI:SSXFF'),'423','Cabillaud','Erreur','Rabiller Guillaume');
Insert into TP.STOCK_HISTORIQUE (ID_STOCK,CATEGORIE,DATE_MOUVEMENT_STOCK,ID_PRODUIT,PRODUIT_STOCK,STATUT,UTILISATEUR) values ('490','Légumes',to_timestamp('25/01/21 18:37:40,796967000','DD/MM/RR HH24:MI:SSXFF'),'409','Purée pomme de terre','Retiré','Rabiller Guillaume');
Insert into TP.STOCK_HISTORIQUE (ID_STOCK,CATEGORIE,DATE_MOUVEMENT_STOCK,ID_PRODUIT,PRODUIT_STOCK,STATUT,UTILISATEUR) values ('491','Viande',to_timestamp('25/01/21 18:37:45,863173000','DD/MM/RR HH24:MI:SSXFF'),'407','Pilons de poulet','Consommé','Rabiller Guillaume');
Insert into TP.STOCK_HISTORIQUE (ID_STOCK,CATEGORIE,DATE_MOUVEMENT_STOCK,ID_PRODUIT,PRODUIT_STOCK,STATUT,UTILISATEUR) values ('492','Poisson',to_timestamp('25/01/21 18:37:49,279430000','DD/MM/RR HH24:MI:SSXFF'),'463','Cabillaud','Consommé','Rabiller Guillaume');
Insert into TP.STOCK_HISTORIQUE (ID_STOCK,CATEGORIE,DATE_MOUVEMENT_STOCK,ID_PRODUIT,PRODUIT_STOCK,STATUT,UTILISATEUR) values ('493','Poisson',to_timestamp('25/01/21 18:37:52,722436000','DD/MM/RR HH24:MI:SSXFF'),'421','Rondelles de calamars','Consommé','Rabiller Guillaume');
Insert into TP.STOCK_HISTORIQUE (ID_STOCK,CATEGORIE,DATE_MOUVEMENT_STOCK,ID_PRODUIT,PRODUIT_STOCK,STATUT,UTILISATEUR) values ('494','Légumes',to_timestamp('25/01/21 18:37:56,094369000','DD/MM/RR HH24:MI:SSXFF'),'467','Purée pomme de terre','Consommé','Rabiller Guillaume');
Insert into TP.STOCK_HISTORIQUE (ID_STOCK,CATEGORIE,DATE_MOUVEMENT_STOCK,ID_PRODUIT,PRODUIT_STOCK,STATUT,UTILISATEUR) values ('496','Légumes',to_timestamp('25/01/21 18:38:00,420985000','DD/MM/RR HH24:MI:SSXFF'),'495','Haricots verts','En Stock','Rabiller Guillaume');
Insert into TP.STOCK_HISTORIQUE (ID_STOCK,CATEGORIE,DATE_MOUVEMENT_STOCK,ID_PRODUIT,PRODUIT_STOCK,STATUT,UTILISATEUR) values ('498','Légumes',to_timestamp('25/01/21 18:38:06,014458000','DD/MM/RR HH24:MI:SSXFF'),'497','Purée de carotte','En Stock','Rabiller Guillaume');
Insert into TP.STOCK_HISTORIQUE (ID_STOCK,CATEGORIE,DATE_MOUVEMENT_STOCK,ID_PRODUIT,PRODUIT_STOCK,STATUT,UTILISATEUR) values ('500','Poisson',to_timestamp('25/01/21 18:38:09,781964000','DD/MM/RR HH24:MI:SSXFF'),'499','Dorade','En Stock','Rabiller Guillaume');
Insert into TP.STOCK_HISTORIQUE (ID_STOCK,CATEGORIE,DATE_MOUVEMENT_STOCK,ID_PRODUIT,PRODUIT_STOCK,STATUT,UTILISATEUR) values ('501','Poisson',to_timestamp('25/01/21 18:38:09,843865000','DD/MM/RR HH24:MI:SSXFF'),'499','Dorade','A Contrôler','Rabiller Guillaume');
Insert into TP.STOCK_HISTORIQUE (ID_STOCK,CATEGORIE,DATE_MOUVEMENT_STOCK,ID_PRODUIT,PRODUIT_STOCK,STATUT,UTILISATEUR) values ('503','Sauce',to_timestamp('25/01/21 18:38:14,220460000','DD/MM/RR HH24:MI:SSXFF'),'502','Sauce béarnaise','En Stock','Rabiller Guillaume');
Insert into TP.STOCK_HISTORIQUE (ID_STOCK,CATEGORIE,DATE_MOUVEMENT_STOCK,ID_PRODUIT,PRODUIT_STOCK,STATUT,UTILISATEUR) values ('505','Viande',to_timestamp('25/01/21 18:38:18,250973000','DD/MM/RR HH24:MI:SSXFF'),'504','Poulet','En Stock','Rabiller Guillaume');
Insert into TP.STOCK_HISTORIQUE (ID_STOCK,CATEGORIE,DATE_MOUVEMENT_STOCK,ID_PRODUIT,PRODUIT_STOCK,STATUT,UTILISATEUR) values ('507','Légumes',to_timestamp('25/01/21 18:38:22,291571000','DD/MM/RR HH24:MI:SSXFF'),'506','Purée pomme de terre','En Stock','Rabiller Guillaume');
Insert into TP.STOCK_HISTORIQUE (ID_STOCK,CATEGORIE,DATE_MOUVEMENT_STOCK,ID_PRODUIT,PRODUIT_STOCK,STATUT,UTILISATEUR) values ('602','Poisson',to_timestamp('30/01/21 19:04:12,776982000','DD/MM/RR HH24:MI:SSXFF'),'601','Dorade','En Stock','Rabiller Guillaume');
Insert into TP.STOCK_HISTORIQUE (ID_STOCK,CATEGORIE,DATE_MOUVEMENT_STOCK,ID_PRODUIT,PRODUIT_STOCK,STATUT,UTILISATEUR) values ('603','Poisson',to_timestamp('30/01/21 19:04:13,360029000','DD/MM/RR HH24:MI:SSXFF'),'601','Dorade','A Contrôler','Rabiller Guillaume');
Insert into TP.STOCK_HISTORIQUE (ID_STOCK,CATEGORIE,DATE_MOUVEMENT_STOCK,ID_PRODUIT,PRODUIT_STOCK,STATUT,UTILISATEUR) values ('605','Légumes',to_timestamp('30/01/21 19:04:16,841064000','DD/MM/RR HH24:MI:SSXFF'),'604','Haricots verts','En Stock','Rabiller Guillaume');
Insert into TP.STOCK_HISTORIQUE (ID_STOCK,CATEGORIE,DATE_MOUVEMENT_STOCK,ID_PRODUIT,PRODUIT_STOCK,STATUT,UTILISATEUR) values ('623','Poisson',to_timestamp('30/01/21 20:06:04,770055000','DD/MM/RR HH24:MI:SSXFF'),'622','Cabillaud','En Stock','Rabiller Guillaume');
Insert into TP.STOCK_HISTORIQUE (ID_STOCK,CATEGORIE,DATE_MOUVEMENT_STOCK,ID_PRODUIT,PRODUIT_STOCK,STATUT,UTILISATEUR) values ('624','Légumes',to_timestamp('30/01/21 20:07:04,953564000','DD/MM/RR HH24:MI:SSXFF'),'604','Haricots verts','Erreur','Verne Julesauteur');
Insert into TP.STOCK_HISTORIQUE (ID_STOCK,CATEGORIE,DATE_MOUVEMENT_STOCK,ID_PRODUIT,PRODUIT_STOCK,STATUT,UTILISATEUR) values ('626','Poisson',to_timestamp('30/01/21 20:07:12,897648000','DD/MM/RR HH24:MI:SSXFF'),'625','Saumon','En Stock','Verne Julesauteur');
Insert into TP.STOCK_HISTORIQUE (ID_STOCK,CATEGORIE,DATE_MOUVEMENT_STOCK,ID_PRODUIT,PRODUIT_STOCK,STATUT,UTILISATEUR) values ('627','Poisson',to_timestamp('30/01/21 20:07:12,965023000','DD/MM/RR HH24:MI:SSXFF'),'625','Saumon','A Contrôler','Verne Julesauteur');
Insert into TP.STOCK_HISTORIQUE (ID_STOCK,CATEGORIE,DATE_MOUVEMENT_STOCK,ID_PRODUIT,PRODUIT_STOCK,STATUT,UTILISATEUR) values ('696','Poisson',to_timestamp('31/01/21 12:02:58,464979000','DD/MM/RR HH24:MI:SSXFF'),'564','Dorade','Retiré','Rabiller Guillaume');
Insert into TP.STOCK_HISTORIQUE (ID_STOCK,CATEGORIE,DATE_MOUVEMENT_STOCK,ID_PRODUIT,PRODUIT_STOCK,STATUT,UTILISATEUR) values ('921','Légumes',to_timestamp('05/02/21 11:32:42,555506000','DD/MM/RR HH24:MI:SSXFF'),'857','Haricots verts','A Contrôler','Rabiller Guillaume');
Insert into TP.STOCK_HISTORIQUE (ID_STOCK,CATEGORIE,DATE_MOUVEMENT_STOCK,ID_PRODUIT,PRODUIT_STOCK,STATUT,UTILISATEUR) values ('922','Viande',to_timestamp('05/02/21 11:32:42,574462000','DD/MM/RR HH24:MI:SSXFF'),'861','Magret de canard','A Contrôler','Rabiller Guillaume');
Insert into TP.STOCK_HISTORIQUE (ID_STOCK,CATEGORIE,DATE_MOUVEMENT_STOCK,ID_PRODUIT,PRODUIT_STOCK,STATUT,UTILISATEUR) values ('923','Poisson',to_timestamp('05/02/21 11:32:42,578954000','DD/MM/RR HH24:MI:SSXFF'),'863','Rondelles de calamars','A Contrôler','Rabiller Guillaume');
Insert into TP.STOCK_HISTORIQUE (ID_STOCK,CATEGORIE,DATE_MOUVEMENT_STOCK,ID_PRODUIT,PRODUIT_STOCK,STATUT,UTILISATEUR) values ('924','Sauce',to_timestamp('05/02/21 11:32:42,582460000','DD/MM/RR HH24:MI:SSXFF'),'557','Sauce tartare','A Contrôler','Rabiller Guillaume');
Insert into TP.STOCK_HISTORIQUE (ID_STOCK,CATEGORIE,DATE_MOUVEMENT_STOCK,ID_PRODUIT,PRODUIT_STOCK,STATUT,UTILISATEUR) values ('925','Viande',to_timestamp('05/02/21 11:32:42,587450000','DD/MM/RR HH24:MI:SSXFF'),'693','Poulet','A Contrôler','Rabiller Guillaume');
Insert into TP.STOCK_HISTORIQUE (ID_STOCK,CATEGORIE,DATE_MOUVEMENT_STOCK,ID_PRODUIT,PRODUIT_STOCK,STATUT,UTILISATEUR) values ('930','Légumes',to_timestamp('05/02/21 11:33:22,185568000','DD/MM/RR HH24:MI:SSXFF'),'857','Haricots verts','Consommé','Rabiller Guillaume');
Insert into TP.STOCK_HISTORIQUE (ID_STOCK,CATEGORIE,DATE_MOUVEMENT_STOCK,ID_PRODUIT,PRODUIT_STOCK,STATUT,UTILISATEUR) values ('931','Viande',to_timestamp('05/02/21 11:33:25,807014000','DD/MM/RR HH24:MI:SSXFF'),'861','Magret de canard','Erreur','Rabiller Guillaume');
Insert into TP.STOCK_HISTORIQUE (ID_STOCK,CATEGORIE,DATE_MOUVEMENT_STOCK,ID_PRODUIT,PRODUIT_STOCK,STATUT,UTILISATEUR) values ('932','Sauce',to_timestamp('05/02/21 11:33:29,604211000','DD/MM/RR HH24:MI:SSXFF'),'557','Sauce tartare','Retiré','Rabiller Guillaume');
Insert into TP.STOCK_HISTORIQUE (ID_STOCK,CATEGORIE,DATE_MOUVEMENT_STOCK,ID_PRODUIT,PRODUIT_STOCK,STATUT,UTILISATEUR) values ('933','Poisson',to_timestamp('05/02/21 11:33:32,931981000','DD/MM/RR HH24:MI:SSXFF'),'728','Rondelles de calamars','Consommé','Rabiller Guillaume');
Insert into TP.STOCK_HISTORIQUE (ID_STOCK,CATEGORIE,DATE_MOUVEMENT_STOCK,ID_PRODUIT,PRODUIT_STOCK,STATUT,UTILISATEUR) values ('934','Poisson',to_timestamp('05/02/21 11:33:35,712870000','DD/MM/RR HH24:MI:SSXFF'),'863','Rondelles de calamars','Retiré','Rabiller Guillaume');
Insert into TP.STOCK_HISTORIQUE (ID_STOCK,CATEGORIE,DATE_MOUVEMENT_STOCK,ID_PRODUIT,PRODUIT_STOCK,STATUT,UTILISATEUR) values ('935','Sauce',to_timestamp('05/02/21 11:33:39,416529000','DD/MM/RR HH24:MI:SSXFF'),'691','Sauce pesto','Retiré','Rabiller Guillaume');
Insert into TP.STOCK_HISTORIQUE (ID_STOCK,CATEGORIE,DATE_MOUVEMENT_STOCK,ID_PRODUIT,PRODUIT_STOCK,STATUT,UTILISATEUR) values ('936','Poisson',to_timestamp('05/02/21 11:33:42,573542000','DD/MM/RR HH24:MI:SSXFF'),'689','Cabillaud','Retiré','Rabiller Guillaume');
Insert into TP.STOCK_HISTORIQUE (ID_STOCK,CATEGORIE,DATE_MOUVEMENT_STOCK,ID_PRODUIT,PRODUIT_STOCK,STATUT,UTILISATEUR) values ('937','Viande',to_timestamp('05/02/21 11:33:45,635476000','DD/MM/RR HH24:MI:SSXFF'),'693','Poulet','Retiré','Rabiller Guillaume');
Insert into TP.STOCK_HISTORIQUE (ID_STOCK,CATEGORIE,DATE_MOUVEMENT_STOCK,ID_PRODUIT,PRODUIT_STOCK,STATUT,UTILISATEUR) values ('938','Poisson',to_timestamp('05/02/21 11:33:48,123993000','DD/MM/RR HH24:MI:SSXFF'),'725','Saumon','Retiré','Rabiller Guillaume');
Insert into TP.STOCK_HISTORIQUE (ID_STOCK,CATEGORIE,DATE_MOUVEMENT_STOCK,ID_PRODUIT,PRODUIT_STOCK,STATUT,UTILISATEUR) values ('940','Légumes',to_timestamp('05/02/21 11:33:51,571979000','DD/MM/RR HH24:MI:SSXFF'),'939','Purée de carotte','En Stock','Rabiller Guillaume');
Insert into TP.STOCK_HISTORIQUE (ID_STOCK,CATEGORIE,DATE_MOUVEMENT_STOCK,ID_PRODUIT,PRODUIT_STOCK,STATUT,UTILISATEUR) values ('942','Viande',to_timestamp('05/02/21 11:33:54,759185000','DD/MM/RR HH24:MI:SSXFF'),'941','steaks hachés','En Stock','Rabiller Guillaume');
Insert into TP.STOCK_HISTORIQUE (ID_STOCK,CATEGORIE,DATE_MOUVEMENT_STOCK,ID_PRODUIT,PRODUIT_STOCK,STATUT,UTILISATEUR) values ('943','Viande',to_timestamp('05/02/21 11:33:54,805228000','DD/MM/RR HH24:MI:SSXFF'),'941','steaks hachés','A Contrôler','Rabiller Guillaume');
Insert into TP.STOCK_HISTORIQUE (ID_STOCK,CATEGORIE,DATE_MOUVEMENT_STOCK,ID_PRODUIT,PRODUIT_STOCK,STATUT,UTILISATEUR) values ('945','Poisson',to_timestamp('05/02/21 11:33:58,296963000','DD/MM/RR HH24:MI:SSXFF'),'944','Saumon','En Stock','Rabiller Guillaume');
Insert into TP.STOCK_HISTORIQUE (ID_STOCK,CATEGORIE,DATE_MOUVEMENT_STOCK,ID_PRODUIT,PRODUIT_STOCK,STATUT,UTILISATEUR) values ('946','Poisson',to_timestamp('05/02/21 11:33:58,336416000','DD/MM/RR HH24:MI:SSXFF'),'944','Saumon','A Contrôler','Rabiller Guillaume');
Insert into TP.STOCK_HISTORIQUE (ID_STOCK,CATEGORIE,DATE_MOUVEMENT_STOCK,ID_PRODUIT,PRODUIT_STOCK,STATUT,UTILISATEUR) values ('948','Poisson',to_timestamp('05/02/21 11:34:01,912525000','DD/MM/RR HH24:MI:SSXFF'),'947','Rondelles de calamars','En Stock','Rabiller Guillaume');
Insert into TP.STOCK_HISTORIQUE (ID_STOCK,CATEGORIE,DATE_MOUVEMENT_STOCK,ID_PRODUIT,PRODUIT_STOCK,STATUT,UTILISATEUR) values ('950','Sauce',to_timestamp('05/02/21 11:34:05,182731000','DD/MM/RR HH24:MI:SSXFF'),'949','Sauce béarnaise','En Stock','Rabiller Guillaume');
Insert into TP.STOCK_HISTORIQUE (ID_STOCK,CATEGORIE,DATE_MOUVEMENT_STOCK,ID_PRODUIT,PRODUIT_STOCK,STATUT,UTILISATEUR) values ('952','Sauce',to_timestamp('05/02/21 11:34:08,140986000','DD/MM/RR HH24:MI:SSXFF'),'951','Sauce pesto','En Stock','Rabiller Guillaume');
Insert into TP.STOCK_HISTORIQUE (ID_STOCK,CATEGORIE,DATE_MOUVEMENT_STOCK,ID_PRODUIT,PRODUIT_STOCK,STATUT,UTILISATEUR) values ('954','Viande',to_timestamp('05/02/21 11:34:10,809381000','DD/MM/RR HH24:MI:SSXFF'),'953','Poulet','En Stock','Rabiller Guillaume');
Insert into TP.STOCK_HISTORIQUE (ID_STOCK,CATEGORIE,DATE_MOUVEMENT_STOCK,ID_PRODUIT,PRODUIT_STOCK,STATUT,UTILISATEUR) values ('956','Légumes',to_timestamp('05/02/21 11:34:13,675363000','DD/MM/RR HH24:MI:SSXFF'),'955','Purée pomme de terre','En Stock','Rabiller Guillaume');
Insert into TP.STOCK_HISTORIQUE (ID_STOCK,CATEGORIE,DATE_MOUVEMENT_STOCK,ID_PRODUIT,PRODUIT_STOCK,STATUT,UTILISATEUR) values ('985','Sauce',to_timestamp('06/02/21 10:24:30,743951000','DD/MM/RR HH24:MI:SSXFF'),'855','Sauce tartare','Retiré','Rabiller Guillaume');
Insert into TP.STOCK_HISTORIQUE (ID_STOCK,CATEGORIE,DATE_MOUVEMENT_STOCK,ID_PRODUIT,PRODUIT_STOCK,STATUT,UTILISATEUR) values ('986','Viande',to_timestamp('06/02/21 10:24:33,460231000','DD/MM/RR HH24:MI:SSXFF'),'941','steaks hachés','Consommé','Rabiller Guillaume');
Insert into TP.STOCK_HISTORIQUE (ID_STOCK,CATEGORIE,DATE_MOUVEMENT_STOCK,ID_PRODUIT,PRODUIT_STOCK,STATUT,UTILISATEUR) values ('987','Poisson',to_timestamp('06/02/21 10:24:36,061950000','DD/MM/RR HH24:MI:SSXFF'),'944','Saumon','Consommé','Rabiller Guillaume');
Insert into TP.STOCK_HISTORIQUE (ID_STOCK,CATEGORIE,DATE_MOUVEMENT_STOCK,ID_PRODUIT,PRODUIT_STOCK,STATUT,UTILISATEUR) values ('989','Légumes',to_timestamp('06/02/21 10:24:39,219410000','DD/MM/RR HH24:MI:SSXFF'),'988','Purée de carotte','En Stock','Rabiller Guillaume');
Insert into TP.STOCK_HISTORIQUE (ID_STOCK,CATEGORIE,DATE_MOUVEMENT_STOCK,ID_PRODUIT,PRODUIT_STOCK,STATUT,UTILISATEUR) values ('991','Poisson',to_timestamp('06/02/21 10:24:43,061838000','DD/MM/RR HH24:MI:SSXFF'),'990','Dorade','En Stock','Rabiller Guillaume');
Insert into TP.STOCK_HISTORIQUE (ID_STOCK,CATEGORIE,DATE_MOUVEMENT_STOCK,ID_PRODUIT,PRODUIT_STOCK,STATUT,UTILISATEUR) values ('992','Poisson',to_timestamp('06/02/21 10:24:43,129729000','DD/MM/RR HH24:MI:SSXFF'),'990','Dorade','A Contrôler','Rabiller Guillaume');
Insert into TP.STOCK_HISTORIQUE (ID_STOCK,CATEGORIE,DATE_MOUVEMENT_STOCK,ID_PRODUIT,PRODUIT_STOCK,STATUT,UTILISATEUR) values ('997','Sauce',to_timestamp('06/02/21 10:34:34,418964000','DD/MM/RR HH24:MI:SSXFF'),'949','Sauce béarnaise','A Contrôler','Rabiller Guillaume');
Insert into TP.STOCK_HISTORIQUE (ID_STOCK,CATEGORIE,DATE_MOUVEMENT_STOCK,ID_PRODUIT,PRODUIT_STOCK,STATUT,UTILISATEUR) values ('998','Légumes',to_timestamp('06/02/21 10:34:34,424955000','DD/MM/RR HH24:MI:SSXFF'),'955','Purée pomme de terre','A Contrôler','Rabiller Guillaume');
Insert into TP.STOCK_HISTORIQUE (ID_STOCK,CATEGORIE,DATE_MOUVEMENT_STOCK,ID_PRODUIT,PRODUIT_STOCK,STATUT,UTILISATEUR) values ('1001','Sauce',to_timestamp('06/02/21 13:28:22,028428000','DD/MM/RR HH24:MI:SSXFF'),'951','Sauce pesto','Consommé','Rabiller Guillaume');
Insert into TP.STOCK_HISTORIQUE (ID_STOCK,CATEGORIE,DATE_MOUVEMENT_STOCK,ID_PRODUIT,PRODUIT_STOCK,STATUT,UTILISATEUR) values ('1002','Légumes',to_timestamp('06/02/21 13:28:26,609159000','DD/MM/RR HH24:MI:SSXFF'),'939','Purée de carotte','Consommé','Rabiller Guillaume');
Insert into TP.STOCK_HISTORIQUE (ID_STOCK,CATEGORIE,DATE_MOUVEMENT_STOCK,ID_PRODUIT,PRODUIT_STOCK,STATUT,UTILISATEUR) values ('1004','Légumes',to_timestamp('06/02/21 13:28:33,741462000','DD/MM/RR HH24:MI:SSXFF'),'1003','Haricots verts','En Stock','Rabiller Guillaume');
Insert into TP.STOCK_HISTORIQUE (ID_STOCK,CATEGORIE,DATE_MOUVEMENT_STOCK,ID_PRODUIT,PRODUIT_STOCK,STATUT,UTILISATEUR) values ('1021','Viande',to_timestamp('06/02/21 14:44:47,329942000','DD/MM/RR HH24:MI:SSXFF'),'953','Poulet','Consommé','Rabiller Guillaume');
Insert into TP.STOCK_HISTORIQUE (ID_STOCK,CATEGORIE,DATE_MOUVEMENT_STOCK,ID_PRODUIT,PRODUIT_STOCK,STATUT,UTILISATEUR) values ('1022','Poisson',to_timestamp('06/02/21 14:56:39,239877000','DD/MM/RR HH24:MI:SSXFF'),'990','Dorade','Consommé','Rabiller Guillaume');
Insert into TP.STOCK_HISTORIQUE (ID_STOCK,CATEGORIE,DATE_MOUVEMENT_STOCK,ID_PRODUIT,PRODUIT_STOCK,STATUT,UTILISATEUR) values ('1041','Légumes',to_timestamp('06/02/21 18:06:22,824627000','DD/MM/RR HH24:MI:SSXFF'),'955','Purée pomme de terre','Consommé','Rabiller Guillaume');
Insert into TP.STOCK_HISTORIQUE (ID_STOCK,CATEGORIE,DATE_MOUVEMENT_STOCK,ID_PRODUIT,PRODUIT_STOCK,STATUT,UTILISATEUR) values ('1043','Légumes',to_timestamp('06/02/21 18:06:27,034175000','DD/MM/RR HH24:MI:SSXFF'),'1042','Haricots verts','En Stock','Rabiller Guillaume');
Insert into TP.STOCK_HISTORIQUE (ID_STOCK,CATEGORIE,DATE_MOUVEMENT_STOCK,ID_PRODUIT,PRODUIT_STOCK,STATUT,UTILISATEUR) values ('1045','Viande',to_timestamp('06/02/21 18:06:30,975916000','DD/MM/RR HH24:MI:SSXFF'),'1044','Magret de canard','En Stock','Rabiller Guillaume');
Insert into TP.STOCK_HISTORIQUE (ID_STOCK,CATEGORIE,DATE_MOUVEMENT_STOCK,ID_PRODUIT,PRODUIT_STOCK,STATUT,UTILISATEUR) values ('1047','Poisson',to_timestamp('06/02/21 18:06:34,676423000','DD/MM/RR HH24:MI:SSXFF'),'1046','Saumon','En Stock','Rabiller Guillaume');
Insert into TP.STOCK_HISTORIQUE (ID_STOCK,CATEGORIE,DATE_MOUVEMENT_STOCK,ID_PRODUIT,PRODUIT_STOCK,STATUT,UTILISATEUR) values ('1048','Poisson',to_timestamp('06/02/21 18:06:34,735330000','DD/MM/RR HH24:MI:SSXFF'),'1046','Saumon','A Contrôler','Rabiller Guillaume');
Insert into TP.STOCK_HISTORIQUE (ID_STOCK,CATEGORIE,DATE_MOUVEMENT_STOCK,ID_PRODUIT,PRODUIT_STOCK,STATUT,UTILISATEUR) values ('1061','Poisson',to_timestamp('07/02/21 12:04:43,190419000','DD/MM/RR HH24:MI:SSXFF'),'947','Rondelles de calamars','A Contrôler','Rabiller Guillaume');
Insert into TP.STOCK_HISTORIQUE (ID_STOCK,CATEGORIE,DATE_MOUVEMENT_STOCK,ID_PRODUIT,PRODUIT_STOCK,STATUT,UTILISATEUR) values ('1112','Viandes rouges',to_timestamp('07/02/21 18:11:05,989248000','DD/MM/RR HH24:MI:SSXFF'),'1044','Magret de canard','Erreur','Henry Thiery');
Insert into TP.STOCK_HISTORIQUE (ID_STOCK,CATEGORIE,DATE_MOUVEMENT_STOCK,ID_PRODUIT,PRODUIT_STOCK,STATUT,UTILISATEUR) values ('1114','Poissons',to_timestamp('07/02/21 18:13:19,894755000','DD/MM/RR HH24:MI:SSXFF'),'947','Rondelles de calamars','Consommé','Aulas Jean-Michel');
Insert into TP.STOCK_HISTORIQUE (ID_STOCK,CATEGORIE,DATE_MOUVEMENT_STOCK,ID_PRODUIT,PRODUIT_STOCK,STATUT,UTILISATEUR) values ('1115','Plats préparés',to_timestamp('07/02/21 18:13:27,023228000','DD/MM/RR HH24:MI:SSXFF'),'1074','Tartiflette','Consommé','Aulas Jean-Michel');
Insert into TP.STOCK_HISTORIQUE (ID_STOCK,CATEGORIE,DATE_MOUVEMENT_STOCK,ID_PRODUIT,PRODUIT_STOCK,STATUT,UTILISATEUR) values ('1117','Viandes blanches',to_timestamp('07/02/21 18:13:33,897752000','DD/MM/RR HH24:MI:SSXFF'),'1116','Poulet','En Stock','Aulas Jean-Michel');
Insert into TP.STOCK_HISTORIQUE (ID_STOCK,CATEGORIE,DATE_MOUVEMENT_STOCK,ID_PRODUIT,PRODUIT_STOCK,STATUT,UTILISATEUR) values ('1154','Légumes',to_timestamp('09/02/21 20:55:22,210427000','DD/MM/RR HH24:MI:SSXFF'),'1078','Purée de carotte','Retiré','Rabiller Guillaume');
Insert into TP.STOCK_HISTORIQUE (ID_STOCK,CATEGORIE,DATE_MOUVEMENT_STOCK,ID_PRODUIT,PRODUIT_STOCK,STATUT,UTILISATEUR) values ('1157','Plats préparés',to_timestamp('09/02/21 21:00:05,277905000','DD/MM/RR HH24:MI:SSXFF'),'1156','Lasagnes bolognaise','En Stock','Rabiller Guillaume');
Insert into TP.STOCK_HISTORIQUE (ID_STOCK,CATEGORIE,DATE_MOUVEMENT_STOCK,ID_PRODUIT,PRODUIT_STOCK,STATUT,UTILISATEUR) values ('1159','Poissons',to_timestamp('09/02/21 21:00:32,196901000','DD/MM/RR HH24:MI:SSXFF'),'1158','Saumon','En Stock','Rabiller Guillaume');
Insert into TP.STOCK_HISTORIQUE (ID_STOCK,CATEGORIE,DATE_MOUVEMENT_STOCK,ID_PRODUIT,PRODUIT_STOCK,STATUT,UTILISATEUR) values ('1160','Poissons',to_timestamp('09/02/21 21:00:32,239832000','DD/MM/RR HH24:MI:SSXFF'),'1158','Saumon','A Contrôler','Rabiller Guillaume');
Insert into TP.STOCK_HISTORIQUE (ID_STOCK,CATEGORIE,DATE_MOUVEMENT_STOCK,ID_PRODUIT,PRODUIT_STOCK,STATUT,UTILISATEUR) values ('1161','Viandes blanches',to_timestamp('15/02/21 18:01:30,398819000','DD/MM/RR HH24:MI:SSXFF'),'1116','Poulet','A Contrôler','Rabiller Guillaume');
Insert into TP.STOCK_HISTORIQUE (ID_STOCK,CATEGORIE,DATE_MOUVEMENT_STOCK,ID_PRODUIT,PRODUIT_STOCK,STATUT,UTILISATEUR) values ('121','Sauce',to_timestamp('08/01/21 11:36:50,449772000','DD/MM/RR HH24:MI:SSXFF'),'48','Sauce béarnaise','A Contrôler','Rabiller Guillaume');
Insert into TP.STOCK_HISTORIQUE (ID_STOCK,CATEGORIE,DATE_MOUVEMENT_STOCK,ID_PRODUIT,PRODUIT_STOCK,STATUT,UTILISATEUR) values ('122','Poisson',to_timestamp('08/01/21 11:37:21,928591000','DD/MM/RR HH24:MI:SSXFF'),'47','Rondelles de calamars','Consommé','Rabiller Guillaume');
Insert into TP.STOCK_HISTORIQUE (ID_STOCK,CATEGORIE,DATE_MOUVEMENT_STOCK,ID_PRODUIT,PRODUIT_STOCK,STATUT,UTILISATEUR) values ('123','Poisson',to_timestamp('08/01/21 11:37:30,483103000','DD/MM/RR HH24:MI:SSXFF'),'26','Cabillaud','Erreur','Rabiller Guillaume');
Insert into TP.STOCK_HISTORIQUE (ID_STOCK,CATEGORIE,DATE_MOUVEMENT_STOCK,ID_PRODUIT,PRODUIT_STOCK,STATUT,UTILISATEUR) values ('124','Viande',to_timestamp('08/01/21 11:37:37,625234000','DD/MM/RR HH24:MI:SSXFF'),'7','steaks hachés','Erreur','Rabiller Guillaume');
Insert into TP.STOCK_HISTORIQUE (ID_STOCK,CATEGORIE,DATE_MOUVEMENT_STOCK,ID_PRODUIT,PRODUIT_STOCK,STATUT,UTILISATEUR) values ('125','Sauce',to_timestamp('08/01/21 11:37:42,639713000','DD/MM/RR HH24:MI:SSXFF'),'8','Sauce tartare','Consommé','Rabiller Guillaume');
Insert into TP.STOCK_HISTORIQUE (ID_STOCK,CATEGORIE,DATE_MOUVEMENT_STOCK,ID_PRODUIT,PRODUIT_STOCK,STATUT,UTILISATEUR) values ('126','Poisson',to_timestamp('08/01/21 11:37:46,958848000','DD/MM/RR HH24:MI:SSXFF'),'47','Rondelles de calamars','Consommé','Rabiller Guillaume');
Insert into TP.STOCK_HISTORIQUE (ID_STOCK,CATEGORIE,DATE_MOUVEMENT_STOCK,ID_PRODUIT,PRODUIT_STOCK,STATUT,UTILISATEUR) values ('127','Viande',to_timestamp('08/01/21 11:37:53,033783000','DD/MM/RR HH24:MI:SSXFF'),'51','Pilons de poulet','Erreur','Rabiller Guillaume');
Insert into TP.STOCK_HISTORIQUE (ID_STOCK,CATEGORIE,DATE_MOUVEMENT_STOCK,ID_PRODUIT,PRODUIT_STOCK,STATUT,UTILISATEUR) values ('128','Sauce',to_timestamp('08/01/21 11:38:01,255650000','DD/MM/RR HH24:MI:SSXFF'),'49','Sauce pesto','Retiré','Rabiller Guillaume');
Insert into TP.STOCK_HISTORIQUE (ID_STOCK,CATEGORIE,DATE_MOUVEMENT_STOCK,ID_PRODUIT,PRODUIT_STOCK,STATUT,UTILISATEUR) values ('129','Poisson',to_timestamp('08/01/21 11:38:08,602365000','DD/MM/RR HH24:MI:SSXFF'),'45','Dorade','Consommé','Rabiller Guillaume');
Insert into TP.STOCK_HISTORIQUE (ID_STOCK,CATEGORIE,DATE_MOUVEMENT_STOCK,ID_PRODUIT,PRODUIT_STOCK,STATUT,UTILISATEUR) values ('130','Poisson',to_timestamp('08/01/21 11:38:15,476061000','DD/MM/RR HH24:MI:SSXFF'),'26','Cabillaud','Consommé','Rabiller Guillaume');
Insert into TP.STOCK_HISTORIQUE (ID_STOCK,CATEGORIE,DATE_MOUVEMENT_STOCK,ID_PRODUIT,PRODUIT_STOCK,STATUT,UTILISATEUR) values ('131','Légumes',to_timestamp('08/01/21 11:38:23,118225000','DD/MM/RR HH24:MI:SSXFF'),'27','Purée de carotte','Erreur','Rabiller Guillaume');
Insert into TP.STOCK_HISTORIQUE (ID_STOCK,CATEGORIE,DATE_MOUVEMENT_STOCK,ID_PRODUIT,PRODUIT_STOCK,STATUT,UTILISATEUR) values ('132','Viande',to_timestamp('08/01/21 11:38:27,133338000','DD/MM/RR HH24:MI:SSXFF'),'7','steaks hachés','Consommé','Rabiller Guillaume');
Insert into TP.STOCK_HISTORIQUE (ID_STOCK,CATEGORIE,DATE_MOUVEMENT_STOCK,ID_PRODUIT,PRODUIT_STOCK,STATUT,UTILISATEUR) values ('133','Légumes',to_timestamp('08/01/21 11:38:31,544199000','DD/MM/RR HH24:MI:SSXFF'),'27','Purée de carotte','Erreur','Rabiller Guillaume');
Insert into TP.STOCK_HISTORIQUE (ID_STOCK,CATEGORIE,DATE_MOUVEMENT_STOCK,ID_PRODUIT,PRODUIT_STOCK,STATUT,UTILISATEUR) values ('134','Poisson',to_timestamp('08/01/21 11:38:34,681847000','DD/MM/RR HH24:MI:SSXFF'),'26','Cabillaud','Erreur','Rabiller Guillaume');
Insert into TP.STOCK_HISTORIQUE (ID_STOCK,CATEGORIE,DATE_MOUVEMENT_STOCK,ID_PRODUIT,PRODUIT_STOCK,STATUT,UTILISATEUR) values ('135','Poisson',to_timestamp('08/01/21 11:38:37,583044000','DD/MM/RR HH24:MI:SSXFF'),'45','Dorade','Consommé','Rabiller Guillaume');
Insert into TP.STOCK_HISTORIQUE (ID_STOCK,CATEGORIE,DATE_MOUVEMENT_STOCK,ID_PRODUIT,PRODUIT_STOCK,STATUT,UTILISATEUR) values ('136','Viande',to_timestamp('08/01/21 11:38:40,915786000','DD/MM/RR HH24:MI:SSXFF'),'51','Pilons de poulet','Consommé','Rabiller Guillaume');
Insert into TP.STOCK_HISTORIQUE (ID_STOCK,CATEGORIE,DATE_MOUVEMENT_STOCK,ID_PRODUIT,PRODUIT_STOCK,STATUT,UTILISATEUR) values ('138','Viande',to_timestamp('08/01/21 11:38:45,882167000','DD/MM/RR HH24:MI:SSXFF'),'51','Pilons de poulet','En Stock','Rabiller Guillaume');
Insert into TP.STOCK_HISTORIQUE (ID_STOCK,CATEGORIE,DATE_MOUVEMENT_STOCK,ID_PRODUIT,PRODUIT_STOCK,STATUT,UTILISATEUR) values ('140','Poisson',to_timestamp('08/01/21 11:38:52,242749000','DD/MM/RR HH24:MI:SSXFF'),'26','Cabillaud','En Stock','Rabiller Guillaume');
Insert into TP.STOCK_HISTORIQUE (ID_STOCK,CATEGORIE,DATE_MOUVEMENT_STOCK,ID_PRODUIT,PRODUIT_STOCK,STATUT,UTILISATEUR) values ('142','Viande',to_timestamp('08/01/21 11:38:56,973268000','DD/MM/RR HH24:MI:SSXFF'),'7','steaks hachés','En Stock','Rabiller Guillaume');
Insert into TP.STOCK_HISTORIQUE (ID_STOCK,CATEGORIE,DATE_MOUVEMENT_STOCK,ID_PRODUIT,PRODUIT_STOCK,STATUT,UTILISATEUR) values ('143','Viande',to_timestamp('08/01/21 11:38:57,008751000','DD/MM/RR HH24:MI:SSXFF'),'7','steaks hachés','A Contrôler','Rabiller Guillaume');
Insert into TP.STOCK_HISTORIQUE (ID_STOCK,CATEGORIE,DATE_MOUVEMENT_STOCK,ID_PRODUIT,PRODUIT_STOCK,STATUT,UTILISATEUR) values ('145','Poisson',to_timestamp('08/01/21 11:39:01,819026000','DD/MM/RR HH24:MI:SSXFF'),'47','Rondelles de calamars','En Stock','Rabiller Guillaume');
Insert into TP.STOCK_HISTORIQUE (ID_STOCK,CATEGORIE,DATE_MOUVEMENT_STOCK,ID_PRODUIT,PRODUIT_STOCK,STATUT,UTILISATEUR) values ('146','Poisson',to_timestamp('08/01/21 11:39:17,711495000','DD/MM/RR HH24:MI:SSXFF'),'26','Cabillaud','Retiré','Rabiller Guillaume');
Insert into TP.STOCK_HISTORIQUE (ID_STOCK,CATEGORIE,DATE_MOUVEMENT_STOCK,ID_PRODUIT,PRODUIT_STOCK,STATUT,UTILISATEUR) values ('147','Sauce',to_timestamp('08/01/21 11:39:26,752161000','DD/MM/RR HH24:MI:SSXFF'),'49','Sauce pesto','Retiré','Rabiller Guillaume');
Insert into TP.STOCK_HISTORIQUE (ID_STOCK,CATEGORIE,DATE_MOUVEMENT_STOCK,ID_PRODUIT,PRODUIT_STOCK,STATUT,UTILISATEUR) values ('148','Sauce',to_timestamp('08/01/21 11:39:32,532731000','DD/MM/RR HH24:MI:SSXFF'),'48','Sauce béarnaise','Consommé','Rabiller Guillaume');
Insert into TP.STOCK_HISTORIQUE (ID_STOCK,CATEGORIE,DATE_MOUVEMENT_STOCK,ID_PRODUIT,PRODUIT_STOCK,STATUT,UTILISATEUR) values ('149','Viande',to_timestamp('08/01/21 11:39:37,381799000','DD/MM/RR HH24:MI:SSXFF'),'7','steaks hachés','Consommé','Rabiller Guillaume');
Insert into TP.STOCK_HISTORIQUE (ID_STOCK,CATEGORIE,DATE_MOUVEMENT_STOCK,ID_PRODUIT,PRODUIT_STOCK,STATUT,UTILISATEUR) values ('241','Légumes',to_timestamp('12/01/21 20:36:00,911619000','DD/MM/RR HH24:MI:SSXFF'),'106','Haricots verts','A Contrôler','Rabiller Guillaume');
Insert into TP.STOCK_HISTORIQUE (ID_STOCK,CATEGORIE,DATE_MOUVEMENT_STOCK,ID_PRODUIT,PRODUIT_STOCK,STATUT,UTILISATEUR) values ('242','Sauce',to_timestamp('12/01/21 20:36:00,936581000','DD/MM/RR HH24:MI:SSXFF'),'49','Sauce pesto','A Contrôler','Rabiller Guillaume');
Insert into TP.STOCK_HISTORIQUE (ID_STOCK,CATEGORIE,DATE_MOUVEMENT_STOCK,ID_PRODUIT,PRODUIT_STOCK,STATUT,UTILISATEUR) values ('243','Poisson',to_timestamp('12/01/21 20:36:00,945564000','DD/MM/RR HH24:MI:SSXFF'),'47','Rondelles de calamars','A Contrôler','Rabiller Guillaume');
Insert into TP.STOCK_HISTORIQUE (ID_STOCK,CATEGORIE,DATE_MOUVEMENT_STOCK,ID_PRODUIT,PRODUIT_STOCK,STATUT,UTILISATEUR) values ('244','Légumes',to_timestamp('12/01/21 20:36:00,956048000','DD/MM/RR HH24:MI:SSXFF'),'27','Purée de carotte','A Contrôler','Rabiller Guillaume');
Insert into TP.STOCK_HISTORIQUE (ID_STOCK,CATEGORIE,DATE_MOUVEMENT_STOCK,ID_PRODUIT,PRODUIT_STOCK,STATUT,UTILISATEUR) values ('245','Sauce',to_timestamp('12/01/21 20:36:00,963536000','DD/MM/RR HH24:MI:SSXFF'),'48','Sauce béarnaise','A Contrôler','Rabiller Guillaume');
Insert into TP.STOCK_HISTORIQUE (ID_STOCK,CATEGORIE,DATE_MOUVEMENT_STOCK,ID_PRODUIT,PRODUIT_STOCK,STATUT,UTILISATEUR) values ('247','Sauce',to_timestamp('12/01/21 20:36:59,366120000','DD/MM/RR HH24:MI:SSXFF'),'49','Sauce pesto','En Stock','Rabiller Guillaume');
Insert into TP.STOCK_HISTORIQUE (ID_STOCK,CATEGORIE,DATE_MOUVEMENT_STOCK,ID_PRODUIT,PRODUIT_STOCK,STATUT,UTILISATEUR) values ('249','Poisson',to_timestamp('12/01/21 20:37:42,424110000','DD/MM/RR HH24:MI:SSXFF'),'47','Rondelles de calamars','En Stock','Rabiller Guillaume');
Insert into TP.STOCK_HISTORIQUE (ID_STOCK,CATEGORIE,DATE_MOUVEMENT_STOCK,ID_PRODUIT,PRODUIT_STOCK,STATUT,UTILISATEUR) values ('250','Viande',to_timestamp('12/01/21 20:43:15,473067000','DD/MM/RR HH24:MI:SSXFF'),'50','Poulet','Consommé','Rabiller Guillaume');
Insert into TP.STOCK_HISTORIQUE (ID_STOCK,CATEGORIE,DATE_MOUVEMENT_STOCK,ID_PRODUIT,PRODUIT_STOCK,STATUT,UTILISATEUR) values ('252','Légumes',to_timestamp('12/01/21 20:48:54,808577000','DD/MM/RR HH24:MI:SSXFF'),'106','Haricots verts','En Stock','Rabiller Guillaume');
Insert into TP.STOCK_HISTORIQUE (ID_STOCK,CATEGORIE,DATE_MOUVEMENT_STOCK,ID_PRODUIT,PRODUIT_STOCK,STATUT,UTILISATEUR) values ('253','Légumes',to_timestamp('12/01/21 20:50:01,471537000','DD/MM/RR HH24:MI:SSXFF'),'106','Haricots verts','Erreur','Rabiller Guillaume');
Insert into TP.STOCK_HISTORIQUE (ID_STOCK,CATEGORIE,DATE_MOUVEMENT_STOCK,ID_PRODUIT,PRODUIT_STOCK,STATUT,UTILISATEUR) values ('254','Poisson',to_timestamp('12/01/21 20:50:48,496557000','DD/MM/RR HH24:MI:SSXFF'),'47','Rondelles de calamars','Erreur','Rabiller Guillaume');
Insert into TP.STOCK_HISTORIQUE (ID_STOCK,CATEGORIE,DATE_MOUVEMENT_STOCK,ID_PRODUIT,PRODUIT_STOCK,STATUT,UTILISATEUR) values ('256','Viande',to_timestamp('12/01/21 20:51:19,726247000','DD/MM/RR HH24:MI:SSXFF'),'51','Pilons de poulet','En Stock','Rabiller Guillaume');
Insert into TP.STOCK_HISTORIQUE (ID_STOCK,CATEGORIE,DATE_MOUVEMENT_STOCK,ID_PRODUIT,PRODUIT_STOCK,STATUT,UTILISATEUR) values ('257','Viande',to_timestamp('12/01/21 20:51:29,138621000','DD/MM/RR HH24:MI:SSXFF'),'51','Pilons de poulet','Consommé','Rabiller Guillaume');
Insert into TP.STOCK_HISTORIQUE (ID_STOCK,CATEGORIE,DATE_MOUVEMENT_STOCK,ID_PRODUIT,PRODUIT_STOCK,STATUT,UTILISATEUR) values ('274','Légumes',to_timestamp('16/01/21 11:35:02,103897000','DD/MM/RR HH24:MI:SSXFF'),'273','Haricots verts','En Stock','Rabiller Guillaume');
Insert into TP.STOCK_HISTORIQUE (ID_STOCK,CATEGORIE,DATE_MOUVEMENT_STOCK,ID_PRODUIT,PRODUIT_STOCK,STATUT,UTILISATEUR) values ('276','Poisson',to_timestamp('16/01/21 11:35:07,646566000','DD/MM/RR HH24:MI:SSXFF'),'275','Dorade','En Stock','Rabiller Guillaume');
Insert into TP.STOCK_HISTORIQUE (ID_STOCK,CATEGORIE,DATE_MOUVEMENT_STOCK,ID_PRODUIT,PRODUIT_STOCK,STATUT,UTILISATEUR) values ('277','Poisson',to_timestamp('16/01/21 11:35:07,708956000','DD/MM/RR HH24:MI:SSXFF'),'275','Dorade','A Contrôler','Rabiller Guillaume');
Insert into TP.STOCK_HISTORIQUE (ID_STOCK,CATEGORIE,DATE_MOUVEMENT_STOCK,ID_PRODUIT,PRODUIT_STOCK,STATUT,UTILISATEUR) values ('279','Sauce',to_timestamp('16/01/21 11:35:13,615098000','DD/MM/RR HH24:MI:SSXFF'),'278','Sauce pesto','En Stock','Rabiller Guillaume');
Insert into TP.STOCK_HISTORIQUE (ID_STOCK,CATEGORIE,DATE_MOUVEMENT_STOCK,ID_PRODUIT,PRODUIT_STOCK,STATUT,UTILISATEUR) values ('281','Poisson',to_timestamp('16/01/21 11:35:19,748595000','DD/MM/RR HH24:MI:SSXFF'),'280','Rondelles de calamars','En Stock','Rabiller Guillaume');
Insert into TP.STOCK_HISTORIQUE (ID_STOCK,CATEGORIE,DATE_MOUVEMENT_STOCK,ID_PRODUIT,PRODUIT_STOCK,STATUT,UTILISATEUR) values ('283','Sauce',to_timestamp('16/01/21 11:46:54,000000000','DD/MM/RR HH24:MI:SSXFF'),'282','Sauce tartare','En Stock','Rabiller Guillaume');
Insert into TP.STOCK_HISTORIQUE (ID_STOCK,CATEGORIE,DATE_MOUVEMENT_STOCK,ID_PRODUIT,PRODUIT_STOCK,STATUT,UTILISATEUR) values ('301','Viande',to_timestamp('17/01/21 22:53:40,247984000','DD/MM/RR HH24:MI:SSXFF'),'270','steaks hachés','Consommé','Rabiller Guillaume');
Insert into TP.STOCK_HISTORIQUE (ID_STOCK,CATEGORIE,DATE_MOUVEMENT_STOCK,ID_PRODUIT,PRODUIT_STOCK,STATUT,UTILISATEUR) values ('302','Poisson',to_timestamp('17/01/21 22:53:44,177330000','DD/MM/RR HH24:MI:SSXFF'),'275','Dorade','Consommé','Rabiller Guillaume');
Insert into TP.STOCK_HISTORIQUE (ID_STOCK,CATEGORIE,DATE_MOUVEMENT_STOCK,ID_PRODUIT,PRODUIT_STOCK,STATUT,UTILISATEUR) values ('303','Poisson',to_timestamp('17/01/21 22:53:47,975790000','DD/MM/RR HH24:MI:SSXFF'),'280','Rondelles de calamars','Erreur','Rabiller Guillaume');
Insert into TP.STOCK_HISTORIQUE (ID_STOCK,CATEGORIE,DATE_MOUVEMENT_STOCK,ID_PRODUIT,PRODUIT_STOCK,STATUT,UTILISATEUR) values ('361','Légumes',to_timestamp('20/01/21 22:19:40,815889000','DD/MM/RR HH24:MI:SSXFF'),'325','Purée de carotte','A Contrôler','Rabiller Guillaume');
Insert into TP.STOCK_HISTORIQUE (ID_STOCK,CATEGORIE,DATE_MOUVEMENT_STOCK,ID_PRODUIT,PRODUIT_STOCK,STATUT,UTILISATEUR) values ('362','Sauce',to_timestamp('20/01/21 22:19:40,840350000','DD/MM/RR HH24:MI:SSXFF'),'282','Sauce tartare','A Contrôler','Rabiller Guillaume');
Insert into TP.STOCK_HISTORIQUE (ID_STOCK,CATEGORIE,DATE_MOUVEMENT_STOCK,ID_PRODUIT,PRODUIT_STOCK,STATUT,UTILISATEUR) values ('363','Légumes',to_timestamp('20/01/21 22:19:40,849335000','DD/MM/RR HH24:MI:SSXFF'),'343','Purée pomme de terre','A Contrôler','Rabiller Guillaume');
Insert into TP.STOCK_HISTORIQUE (ID_STOCK,CATEGORIE,DATE_MOUVEMENT_STOCK,ID_PRODUIT,PRODUIT_STOCK,STATUT,UTILISATEUR) values ('364','Poisson',to_timestamp('20/01/21 22:19:40,855825000','DD/MM/RR HH24:MI:SSXFF'),'352','Cabillaud','A Contrôler','Rabiller Guillaume');
Insert into TP.STOCK_HISTORIQUE (ID_STOCK,CATEGORIE,DATE_MOUVEMENT_STOCK,ID_PRODUIT,PRODUIT_STOCK,STATUT,UTILISATEUR) values ('365','Poisson',to_timestamp('20/01/21 22:19:40,891002000','DD/MM/RR HH24:MI:SSXFF'),'354','Cabillaud','A Contrôler','Rabiller Guillaume');
Insert into TP.STOCK_HISTORIQUE (ID_STOCK,CATEGORIE,DATE_MOUVEMENT_STOCK,ID_PRODUIT,PRODUIT_STOCK,STATUT,UTILISATEUR) values ('366','Poisson',to_timestamp('20/01/21 22:19:40,899489000','DD/MM/RR HH24:MI:SSXFF'),'356','Cabillaud','A Contrôler','Rabiller Guillaume');
Insert into TP.STOCK_HISTORIQUE (ID_STOCK,CATEGORIE,DATE_MOUVEMENT_STOCK,ID_PRODUIT,PRODUIT_STOCK,STATUT,UTILISATEUR) values ('367','Légumes',to_timestamp('20/01/21 22:20:40,615920000','DD/MM/RR HH24:MI:SSXFF'),'325','Purée de carotte','Consommé','Rabiller Guillaume');
Insert into TP.STOCK_HISTORIQUE (ID_STOCK,CATEGORIE,DATE_MOUVEMENT_STOCK,ID_PRODUIT,PRODUIT_STOCK,STATUT,UTILISATEUR) values ('368','Légumes',to_timestamp('20/01/21 22:20:52,494459000','DD/MM/RR HH24:MI:SSXFF'),'343','Purée pomme de terre','Erreur','Rabiller Guillaume');
Insert into TP.STOCK_HISTORIQUE (ID_STOCK,CATEGORIE,DATE_MOUVEMENT_STOCK,ID_PRODUIT,PRODUIT_STOCK,STATUT,UTILISATEUR) values ('531','Poisson',to_timestamp('26/01/21 21:06:58,612879000','DD/MM/RR HH24:MI:SSXFF'),'499','Dorade','Retiré','Rabiller Guillaume');
Insert into TP.STOCK_HISTORIQUE (ID_STOCK,CATEGORIE,DATE_MOUVEMENT_STOCK,ID_PRODUIT,PRODUIT_STOCK,STATUT,UTILISATEUR) values ('549','Légumes',to_timestamp('30/01/21 11:01:44,352546000','DD/MM/RR HH24:MI:SSXFF'),'495','Haricots verts','Consommé','Rabiller Guillaume');
Insert into TP.STOCK_HISTORIQUE (ID_STOCK,CATEGORIE,DATE_MOUVEMENT_STOCK,ID_PRODUIT,PRODUIT_STOCK,STATUT,UTILISATEUR) values ('550','Légumes',to_timestamp('30/01/21 11:01:48,414572000','DD/MM/RR HH24:MI:SSXFF'),'497','Purée de carotte','Retiré','Rabiller Guillaume');
Insert into TP.STOCK_HISTORIQUE (ID_STOCK,CATEGORIE,DATE_MOUVEMENT_STOCK,ID_PRODUIT,PRODUIT_STOCK,STATUT,UTILISATEUR) values ('551','Sauce',to_timestamp('30/01/21 11:01:52,733585000','DD/MM/RR HH24:MI:SSXFF'),'502','Sauce béarnaise','Erreur','Rabiller Guillaume');
Insert into TP.STOCK_HISTORIQUE (ID_STOCK,CATEGORIE,DATE_MOUVEMENT_STOCK,ID_PRODUIT,PRODUIT_STOCK,STATUT,UTILISATEUR) values ('552','Poisson',to_timestamp('30/01/21 11:01:55,740071000','DD/MM/RR HH24:MI:SSXFF'),'465','Rondelles de calamars','Consommé','Rabiller Guillaume');
Insert into TP.STOCK_HISTORIQUE (ID_STOCK,CATEGORIE,DATE_MOUVEMENT_STOCK,ID_PRODUIT,PRODUIT_STOCK,STATUT,UTILISATEUR) values ('553','Viande',to_timestamp('30/01/21 11:01:58,570509000','DD/MM/RR HH24:MI:SSXFF'),'504','Poulet','Consommé','Rabiller Guillaume');
Insert into TP.STOCK_HISTORIQUE (ID_STOCK,CATEGORIE,DATE_MOUVEMENT_STOCK,ID_PRODUIT,PRODUIT_STOCK,STATUT,UTILISATEUR) values ('554','Légumes',to_timestamp('30/01/21 11:02:01,360033000','DD/MM/RR HH24:MI:SSXFF'),'506','Purée pomme de terre','Consommé','Rabiller Guillaume');
Insert into TP.STOCK_HISTORIQUE (ID_STOCK,CATEGORIE,DATE_MOUVEMENT_STOCK,ID_PRODUIT,PRODUIT_STOCK,STATUT,UTILISATEUR) values ('555','Légumes',to_timestamp('30/01/21 11:02:04,379649000','DD/MM/RR HH24:MI:SSXFF'),'524','Purée de carotte','Erreur','Rabiller Guillaume');
Insert into TP.STOCK_HISTORIQUE (ID_STOCK,CATEGORIE,DATE_MOUVEMENT_STOCK,ID_PRODUIT,PRODUIT_STOCK,STATUT,UTILISATEUR) values ('556','Viande',to_timestamp('30/01/21 11:02:12,671896000','DD/MM/RR HH24:MI:SSXFF'),'526','Poulet','Consommé','Rabiller Guillaume');
Insert into TP.STOCK_HISTORIQUE (ID_STOCK,CATEGORIE,DATE_MOUVEMENT_STOCK,ID_PRODUIT,PRODUIT_STOCK,STATUT,UTILISATEUR) values ('558','Sauce',to_timestamp('30/01/21 11:02:16,179015000','DD/MM/RR HH24:MI:SSXFF'),'557','Sauce tartare','En Stock','Rabiller Guillaume');
Insert into TP.STOCK_HISTORIQUE (ID_STOCK,CATEGORIE,DATE_MOUVEMENT_STOCK,ID_PRODUIT,PRODUIT_STOCK,STATUT,UTILISATEUR) values ('560','Poisson',to_timestamp('30/01/21 11:02:21,382963000','DD/MM/RR HH24:MI:SSXFF'),'559','Cabillaud','En Stock','Rabiller Guillaume');
Insert into TP.STOCK_HISTORIQUE (ID_STOCK,CATEGORIE,DATE_MOUVEMENT_STOCK,ID_PRODUIT,PRODUIT_STOCK,STATUT,UTILISATEUR) values ('562','Viande',to_timestamp('30/01/21 11:02:25,252588000','DD/MM/RR HH24:MI:SSXFF'),'561','steaks hachés','En Stock','Rabiller Guillaume');
Insert into TP.STOCK_HISTORIQUE (ID_STOCK,CATEGORIE,DATE_MOUVEMENT_STOCK,ID_PRODUIT,PRODUIT_STOCK,STATUT,UTILISATEUR) values ('563','Viande',to_timestamp('30/01/21 11:02:25,411409000','DD/MM/RR HH24:MI:SSXFF'),'561','steaks hachés','A Contrôler','Rabiller Guillaume');
Insert into TP.STOCK_HISTORIQUE (ID_STOCK,CATEGORIE,DATE_MOUVEMENT_STOCK,ID_PRODUIT,PRODUIT_STOCK,STATUT,UTILISATEUR) values ('565','Poisson',to_timestamp('30/01/21 11:02:28,813961000','DD/MM/RR HH24:MI:SSXFF'),'564','Dorade','En Stock','Rabiller Guillaume');
Insert into TP.STOCK_HISTORIQUE (ID_STOCK,CATEGORIE,DATE_MOUVEMENT_STOCK,ID_PRODUIT,PRODUIT_STOCK,STATUT,UTILISATEUR) values ('566','Poisson',to_timestamp('30/01/21 11:02:28,855896000','DD/MM/RR HH24:MI:SSXFF'),'564','Dorade','A Contrôler','Rabiller Guillaume');
Insert into TP.STOCK_HISTORIQUE (ID_STOCK,CATEGORIE,DATE_MOUVEMENT_STOCK,ID_PRODUIT,PRODUIT_STOCK,STATUT,UTILISATEUR) values ('568','Poisson',to_timestamp('30/01/21 11:02:31,991527000','DD/MM/RR HH24:MI:SSXFF'),'567','Rondelles de calamars','En Stock','Rabiller Guillaume');
Insert into TP.STOCK_HISTORIQUE (ID_STOCK,CATEGORIE,DATE_MOUVEMENT_STOCK,ID_PRODUIT,PRODUIT_STOCK,STATUT,UTILISATEUR) values ('570','Sauce',to_timestamp('30/01/21 11:02:35,312942000','DD/MM/RR HH24:MI:SSXFF'),'569','Sauce béarnaise','En Stock','Rabiller Guillaume');
Insert into TP.STOCK_HISTORIQUE (ID_STOCK,CATEGORIE,DATE_MOUVEMENT_STOCK,ID_PRODUIT,PRODUIT_STOCK,STATUT,UTILISATEUR) values ('572','Sauce',to_timestamp('30/01/21 11:02:39,250105000','DD/MM/RR HH24:MI:SSXFF'),'571','Sauce pesto','En Stock','Rabiller Guillaume');
Insert into TP.STOCK_HISTORIQUE (ID_STOCK,CATEGORIE,DATE_MOUVEMENT_STOCK,ID_PRODUIT,PRODUIT_STOCK,STATUT,UTILISATEUR) values ('574','Viande',to_timestamp('30/01/21 11:02:43,283671000','DD/MM/RR HH24:MI:SSXFF'),'573','Poulet','En Stock','Rabiller Guillaume');
Insert into TP.STOCK_HISTORIQUE (ID_STOCK,CATEGORIE,DATE_MOUVEMENT_STOCK,ID_PRODUIT,PRODUIT_STOCK,STATUT,UTILISATEUR) values ('576','Légumes',to_timestamp('30/01/21 11:02:46,615007000','DD/MM/RR HH24:MI:SSXFF'),'575','Purée pomme de terre','En Stock','Rabiller Guillaume');
Insert into TP.STOCK_HISTORIQUE (ID_STOCK,CATEGORIE,DATE_MOUVEMENT_STOCK,ID_PRODUIT,PRODUIT_STOCK,STATUT,UTILISATEUR) values ('681','Poisson',to_timestamp('31/01/21 10:53:47,084943000','DD/MM/RR HH24:MI:SSXFF'),'559','Cabillaud','A Contrôler','Rabiller Guillaume');
Insert into TP.STOCK_HISTORIQUE (ID_STOCK,CATEGORIE,DATE_MOUVEMENT_STOCK,ID_PRODUIT,PRODUIT_STOCK,STATUT,UTILISATEUR) values ('682','Sauce',to_timestamp('31/01/21 10:53:47,105910000','DD/MM/RR HH24:MI:SSXFF'),'569','Sauce béarnaise','A Contrôler','Rabiller Guillaume');
Insert into TP.STOCK_HISTORIQUE (ID_STOCK,CATEGORIE,DATE_MOUVEMENT_STOCK,ID_PRODUIT,PRODUIT_STOCK,STATUT,UTILISATEUR) values ('683','Légumes',to_timestamp('31/01/21 10:53:47,110402000','DD/MM/RR HH24:MI:SSXFF'),'575','Purée pomme de terre','A Contrôler','Rabiller Guillaume');
Insert into TP.STOCK_HISTORIQUE (ID_STOCK,CATEGORIE,DATE_MOUVEMENT_STOCK,ID_PRODUIT,PRODUIT_STOCK,STATUT,UTILISATEUR) values ('684','Poisson',to_timestamp('31/01/21 10:54:13,944491000','DD/MM/RR HH24:MI:SSXFF'),'625','Saumon','Consommé','Rabiller Guillaume');
Insert into TP.STOCK_HISTORIQUE (ID_STOCK,CATEGORIE,DATE_MOUVEMENT_STOCK,ID_PRODUIT,PRODUIT_STOCK,STATUT,UTILISATEUR) values ('685','Viande',to_timestamp('31/01/21 10:54:17,595889000','DD/MM/RR HH24:MI:SSXFF'),'561','steaks hachés','Consommé','Rabiller Guillaume');
Insert into TP.STOCK_HISTORIQUE (ID_STOCK,CATEGORIE,DATE_MOUVEMENT_STOCK,ID_PRODUIT,PRODUIT_STOCK,STATUT,UTILISATEUR) values ('686','Sauce',to_timestamp('31/01/21 10:54:20,977421000','DD/MM/RR HH24:MI:SSXFF'),'569','Sauce béarnaise','Consommé','Rabiller Guillaume');
Insert into TP.STOCK_HISTORIQUE (ID_STOCK,CATEGORIE,DATE_MOUVEMENT_STOCK,ID_PRODUIT,PRODUIT_STOCK,STATUT,UTILISATEUR) values ('688','Légumes',to_timestamp('31/01/21 10:54:27,886020000','DD/MM/RR HH24:MI:SSXFF'),'687','Haricots verts','En Stock','Rabiller Guillaume');
Insert into TP.STOCK_HISTORIQUE (ID_STOCK,CATEGORIE,DATE_MOUVEMENT_STOCK,ID_PRODUIT,PRODUIT_STOCK,STATUT,UTILISATEUR) values ('690','Poisson',to_timestamp('31/01/21 10:54:32,261519000','DD/MM/RR HH24:MI:SSXFF'),'689','Cabillaud','En Stock','Rabiller Guillaume');
Insert into TP.STOCK_HISTORIQUE (ID_STOCK,CATEGORIE,DATE_MOUVEMENT_STOCK,ID_PRODUIT,PRODUIT_STOCK,STATUT,UTILISATEUR) values ('692','Sauce',to_timestamp('31/01/21 10:54:36,310013000','DD/MM/RR HH24:MI:SSXFF'),'691','Sauce pesto','En Stock','Rabiller Guillaume');
Insert into TP.STOCK_HISTORIQUE (ID_STOCK,CATEGORIE,DATE_MOUVEMENT_STOCK,ID_PRODUIT,PRODUIT_STOCK,STATUT,UTILISATEUR) values ('694','Viande',to_timestamp('31/01/21 10:54:40,269018000','DD/MM/RR HH24:MI:SSXFF'),'693','Poulet','En Stock','Rabiller Guillaume');
Insert into TP.STOCK_HISTORIQUE (ID_STOCK,CATEGORIE,DATE_MOUVEMENT_STOCK,ID_PRODUIT,PRODUIT_STOCK,STATUT,UTILISATEUR) values ('726','Poisson',to_timestamp('31/01/21 17:49:56,901019000','DD/MM/RR HH24:MI:SSXFF'),'725','Saumon','En Stock','Rabiller Guillaume');
Insert into TP.STOCK_HISTORIQUE (ID_STOCK,CATEGORIE,DATE_MOUVEMENT_STOCK,ID_PRODUIT,PRODUIT_STOCK,STATUT,UTILISATEUR) values ('727','Poisson',to_timestamp('31/01/21 17:49:57,466603000','DD/MM/RR HH24:MI:SSXFF'),'725','Saumon','A Contrôler','Rabiller Guillaume');
Insert into TP.STOCK_HISTORIQUE (ID_STOCK,CATEGORIE,DATE_MOUVEMENT_STOCK,ID_PRODUIT,PRODUIT_STOCK,STATUT,UTILISATEUR) values ('729','Poisson',to_timestamp('31/01/21 17:50:02,541932000','DD/MM/RR HH24:MI:SSXFF'),'728','Rondelles de calamars','En Stock','Rabiller Guillaume');
Insert into TP.STOCK_HISTORIQUE (ID_STOCK,CATEGORIE,DATE_MOUVEMENT_STOCK,ID_PRODUIT,PRODUIT_STOCK,STATUT,UTILISATEUR) values ('1066','Légumes',to_timestamp('07/02/21 12:16:40,945721000','DD/MM/RR HH24:MI:SSXFF'),'988','Purée de carotte','Consommé','Rabiller Guillaume');
Insert into TP.STOCK_HISTORIQUE (ID_STOCK,CATEGORIE,DATE_MOUVEMENT_STOCK,ID_PRODUIT,PRODUIT_STOCK,STATUT,UTILISATEUR) values ('1067','Légumes',to_timestamp('07/02/21 12:17:05,875765000','DD/MM/RR HH24:MI:SSXFF'),'1003','Haricots verts','Consommé','Rabiller Guillaume');
Insert into TP.STOCK_HISTORIQUE (ID_STOCK,CATEGORIE,DATE_MOUVEMENT_STOCK,ID_PRODUIT,PRODUIT_STOCK,STATUT,UTILISATEUR) values ('1070','Poisson',to_timestamp('07/02/21 12:42:26,313667000','DD/MM/RR HH24:MI:SSXFF'),'1068','Saumon','A Contrôler','Rabiller Guillaume');
Insert into TP.STOCK_HISTORIQUE (ID_STOCK,CATEGORIE,DATE_MOUVEMENT_STOCK,ID_PRODUIT,PRODUIT_STOCK,STATUT,UTILISATEUR) values ('1071','Sauce',to_timestamp('07/02/21 12:42:32,440979000','DD/MM/RR HH24:MI:SSXFF'),'949','Sauce béarnaise','Consommé','Rabiller Guillaume');
Insert into TP.STOCK_HISTORIQUE (ID_STOCK,CATEGORIE,DATE_MOUVEMENT_STOCK,ID_PRODUIT,PRODUIT_STOCK,STATUT,UTILISATEUR) values ('1073','Légumes',to_timestamp('07/02/21 12:42:36,005450000','DD/MM/RR HH24:MI:SSXFF'),'1072','Purée de carotte','En Stock','Rabiller Guillaume');
Insert into TP.STOCK_HISTORIQUE (ID_STOCK,CATEGORIE,DATE_MOUVEMENT_STOCK,ID_PRODUIT,PRODUIT_STOCK,STATUT,UTILISATEUR) values ('1075','Viande',to_timestamp('07/02/21 12:42:41,916770000','DD/MM/RR HH24:MI:SSXFF'),'1074','Tartiflette','En Stock','Rabiller Guillaume');
Insert into TP.STOCK_HISTORIQUE (ID_STOCK,CATEGORIE,DATE_MOUVEMENT_STOCK,ID_PRODUIT,PRODUIT_STOCK,STATUT,UTILISATEUR) values ('1077','Viande',to_timestamp('07/02/21 12:42:47,505207000','DD/MM/RR HH24:MI:SSXFF'),'1076','Magret de canard','En Stock','Rabiller Guillaume');
Insert into TP.STOCK_HISTORIQUE (ID_STOCK,CATEGORIE,DATE_MOUVEMENT_STOCK,ID_PRODUIT,PRODUIT_STOCK,STATUT,UTILISATEUR) values ('1079','Légumes',to_timestamp('07/02/21 12:43:23,300716000','DD/MM/RR HH24:MI:SSXFF'),'1078','Purée de carotte','En Stock','Rabiller Guillaume');
Insert into TP.STOCK_HISTORIQUE (ID_STOCK,CATEGORIE,DATE_MOUVEMENT_STOCK,ID_PRODUIT,PRODUIT_STOCK,STATUT,UTILISATEUR) values ('196','Sauce',to_timestamp('10/01/21 11:06:30,285102000','DD/MM/RR HH24:MI:SSXFF'),'49','Sauce pesto','Consommé','Verne Julesauteur');
Insert into TP.STOCK_HISTORIQUE (ID_STOCK,CATEGORIE,DATE_MOUVEMENT_STOCK,ID_PRODUIT,PRODUIT_STOCK,STATUT,UTILISATEUR) values ('197','Viande',to_timestamp('10/01/21 11:06:33,738251000','DD/MM/RR HH24:MI:SSXFF'),'50','Poulet','Erreur','Verne Julesauteur');
Insert into TP.STOCK_HISTORIQUE (ID_STOCK,CATEGORIE,DATE_MOUVEMENT_STOCK,ID_PRODUIT,PRODUIT_STOCK,STATUT,UTILISATEUR) values ('198','Légumes',to_timestamp('10/01/21 11:06:36,936669000','DD/MM/RR HH24:MI:SSXFF'),'106','Haricots verts','Consommé','Verne Julesauteur');
Insert into TP.STOCK_HISTORIQUE (ID_STOCK,CATEGORIE,DATE_MOUVEMENT_STOCK,ID_PRODUIT,PRODUIT_STOCK,STATUT,UTILISATEUR) values ('199','Légumes',to_timestamp('10/01/21 11:06:40,118621000','DD/MM/RR HH24:MI:SSXFF'),'106','Haricots verts','Erreur','Verne Julesauteur');
Insert into TP.STOCK_HISTORIQUE (ID_STOCK,CATEGORIE,DATE_MOUVEMENT_STOCK,ID_PRODUIT,PRODUIT_STOCK,STATUT,UTILISATEUR) values ('200','Poisson',to_timestamp('10/01/21 11:06:42,968704000','DD/MM/RR HH24:MI:SSXFF'),'47','Rondelles de calamars','Consommé','Verne Julesauteur');
Insert into TP.STOCK_HISTORIQUE (ID_STOCK,CATEGORIE,DATE_MOUVEMENT_STOCK,ID_PRODUIT,PRODUIT_STOCK,STATUT,UTILISATEUR) values ('201','Légumes',to_timestamp('10/01/21 11:06:46,122172000','DD/MM/RR HH24:MI:SSXFF'),'27','Purée de carotte','Retiré','Verne Julesauteur');
Insert into TP.STOCK_HISTORIQUE (ID_STOCK,CATEGORIE,DATE_MOUVEMENT_STOCK,ID_PRODUIT,PRODUIT_STOCK,STATUT,UTILISATEUR) values ('202','Légumes',to_timestamp('10/01/21 11:06:48,709664000','DD/MM/RR HH24:MI:SSXFF'),'27','Purée de carotte','Consommé','Verne Julesauteur');
Insert into TP.STOCK_HISTORIQUE (ID_STOCK,CATEGORIE,DATE_MOUVEMENT_STOCK,ID_PRODUIT,PRODUIT_STOCK,STATUT,UTILISATEUR) values ('203','Viande',to_timestamp('10/01/21 11:06:51,267167000','DD/MM/RR HH24:MI:SSXFF'),'51','Pilons de poulet','Consommé','Verne Julesauteur');
Insert into TP.STOCK_HISTORIQUE (ID_STOCK,CATEGORIE,DATE_MOUVEMENT_STOCK,ID_PRODUIT,PRODUIT_STOCK,STATUT,UTILISATEUR) values ('204','Viande',to_timestamp('10/01/21 11:06:53,804719000','DD/MM/RR HH24:MI:SSXFF'),'51','Pilons de poulet','Consommé','Verne Julesauteur');
Insert into TP.STOCK_HISTORIQUE (ID_STOCK,CATEGORIE,DATE_MOUVEMENT_STOCK,ID_PRODUIT,PRODUIT_STOCK,STATUT,UTILISATEUR) values ('205','Poisson',to_timestamp('10/01/21 11:06:57,893730000','DD/MM/RR HH24:MI:SSXFF'),'26','Cabillaud','Consommé','Verne Julesauteur');
Insert into TP.STOCK_HISTORIQUE (ID_STOCK,CATEGORIE,DATE_MOUVEMENT_STOCK,ID_PRODUIT,PRODUIT_STOCK,STATUT,UTILISATEUR) values ('206','Poisson',to_timestamp('10/01/21 11:07:00,436114000','DD/MM/RR HH24:MI:SSXFF'),'47','Rondelles de calamars','Consommé','Verne Julesauteur');
Insert into TP.STOCK_HISTORIQUE (ID_STOCK,CATEGORIE,DATE_MOUVEMENT_STOCK,ID_PRODUIT,PRODUIT_STOCK,STATUT,UTILISATEUR) values ('341','Sauce',to_timestamp('19/01/21 18:39:38,460574000','DD/MM/RR HH24:MI:SSXFF'),'278','Sauce pesto','Consommé','Rabiller Guillaume');
Insert into TP.STOCK_HISTORIQUE (ID_STOCK,CATEGORIE,DATE_MOUVEMENT_STOCK,ID_PRODUIT,PRODUIT_STOCK,STATUT,UTILISATEUR) values ('342','Légumes',to_timestamp('19/01/21 18:39:41,285831000','DD/MM/RR HH24:MI:SSXFF'),'273','Haricots verts','Consommé','Rabiller Guillaume');
Insert into TP.STOCK_HISTORIQUE (ID_STOCK,CATEGORIE,DATE_MOUVEMENT_STOCK,ID_PRODUIT,PRODUIT_STOCK,STATUT,UTILISATEUR) values ('344','Légumes',to_timestamp('19/01/21 18:39:46,566028000','DD/MM/RR HH24:MI:SSXFF'),'343','Purée pomme de terre','En Stock','Rabiller Guillaume');
Insert into TP.STOCK_HISTORIQUE (ID_STOCK,CATEGORIE,DATE_MOUVEMENT_STOCK,ID_PRODUIT,PRODUIT_STOCK,STATUT,UTILISATEUR) values ('346','Légumes',to_timestamp('19/01/21 18:39:50,604219000','DD/MM/RR HH24:MI:SSXFF'),'345','Haricots verts','En Stock','Rabiller Guillaume');
Insert into TP.STOCK_HISTORIQUE (ID_STOCK,CATEGORIE,DATE_MOUVEMENT_STOCK,ID_PRODUIT,PRODUIT_STOCK,STATUT,UTILISATEUR) values ('348','Légumes',to_timestamp('19/01/21 18:39:54,410678000','DD/MM/RR HH24:MI:SSXFF'),'347','Purée de carotte','En Stock','Rabiller Guillaume');
Insert into TP.STOCK_HISTORIQUE (ID_STOCK,CATEGORIE,DATE_MOUVEMENT_STOCK,ID_PRODUIT,PRODUIT_STOCK,STATUT,UTILISATEUR) values ('350','Poisson',to_timestamp('19/01/21 18:39:59,069285000','DD/MM/RR HH24:MI:SSXFF'),'349','Saumon','En Stock','Rabiller Guillaume');
Insert into TP.STOCK_HISTORIQUE (ID_STOCK,CATEGORIE,DATE_MOUVEMENT_STOCK,ID_PRODUIT,PRODUIT_STOCK,STATUT,UTILISATEUR) values ('351','Poisson',to_timestamp('19/01/21 18:39:59,137548000','DD/MM/RR HH24:MI:SSXFF'),'349','Saumon','A Contrôler','Rabiller Guillaume');
Insert into TP.STOCK_HISTORIQUE (ID_STOCK,CATEGORIE,DATE_MOUVEMENT_STOCK,ID_PRODUIT,PRODUIT_STOCK,STATUT,UTILISATEUR) values ('353','Poisson',to_timestamp('19/01/21 19:32:48,502222000','DD/MM/RR HH24:MI:SSXFF'),'352','Cabillaud','En Stock','Rabiller Guillaume');
Insert into TP.STOCK_HISTORIQUE (ID_STOCK,CATEGORIE,DATE_MOUVEMENT_STOCK,ID_PRODUIT,PRODUIT_STOCK,STATUT,UTILISATEUR) values ('355','Poisson',to_timestamp('19/01/21 19:34:58,849213000','DD/MM/RR HH24:MI:SSXFF'),'354','Cabillaud','En Stock','Rabiller Guillaume');
Insert into TP.STOCK_HISTORIQUE (ID_STOCK,CATEGORIE,DATE_MOUVEMENT_STOCK,ID_PRODUIT,PRODUIT_STOCK,STATUT,UTILISATEUR) values ('357','Poisson',to_timestamp('19/01/21 19:35:25,687655000','DD/MM/RR HH24:MI:SSXFF'),'356','Cabillaud','En Stock','Rabiller Guillaume');
Insert into TP.STOCK_HISTORIQUE (ID_STOCK,CATEGORIE,DATE_MOUVEMENT_STOCK,ID_PRODUIT,PRODUIT_STOCK,STATUT,UTILISATEUR) values ('402','Poisson',to_timestamp('23/01/21 17:31:08,335745000','DD/MM/RR HH24:MI:SSXFF'),'401','Saumon','En Stock','Rabiller Guillaume');
Insert into TP.STOCK_HISTORIQUE (ID_STOCK,CATEGORIE,DATE_MOUVEMENT_STOCK,ID_PRODUIT,PRODUIT_STOCK,STATUT,UTILISATEUR) values ('403','Poisson',to_timestamp('23/01/21 17:31:08,901149000','DD/MM/RR HH24:MI:SSXFF'),'401','Saumon','A Contrôler','Rabiller Guillaume');
Insert into TP.STOCK_HISTORIQUE (ID_STOCK,CATEGORIE,DATE_MOUVEMENT_STOCK,ID_PRODUIT,PRODUIT_STOCK,STATUT,UTILISATEUR) values ('405','Viande',to_timestamp('23/01/21 17:31:40,184840000','DD/MM/RR HH24:MI:SSXFF'),'404','steaks hachés','En Stock','Rabiller Guillaume');
Insert into TP.STOCK_HISTORIQUE (ID_STOCK,CATEGORIE,DATE_MOUVEMENT_STOCK,ID_PRODUIT,PRODUIT_STOCK,STATUT,UTILISATEUR) values ('406','Viande',to_timestamp('23/01/21 17:31:40,248749000','DD/MM/RR HH24:MI:SSXFF'),'404','steaks hachés','A Contrôler','Rabiller Guillaume');
Insert into TP.STOCK_HISTORIQUE (ID_STOCK,CATEGORIE,DATE_MOUVEMENT_STOCK,ID_PRODUIT,PRODUIT_STOCK,STATUT,UTILISATEUR) values ('408','Viande',to_timestamp('23/01/21 17:31:45,847830000','DD/MM/RR HH24:MI:SSXFF'),'407','Pilons de poulet','En Stock','Rabiller Guillaume');
Insert into TP.STOCK_HISTORIQUE (ID_STOCK,CATEGORIE,DATE_MOUVEMENT_STOCK,ID_PRODUIT,PRODUIT_STOCK,STATUT,UTILISATEUR) values ('410','Légumes',to_timestamp('23/01/21 17:31:52,214839000','DD/MM/RR HH24:MI:SSXFF'),'409','Purée pomme de terre','En Stock','Rabiller Guillaume');
Insert into TP.STOCK_HISTORIQUE (ID_STOCK,CATEGORIE,DATE_MOUVEMENT_STOCK,ID_PRODUIT,PRODUIT_STOCK,STATUT,UTILISATEUR) values ('411','Sauce',to_timestamp('23/01/21 17:32:02,902724000','DD/MM/RR HH24:MI:SSXFF'),'282','Sauce tartare','Erreur','Rabiller Guillaume');
Insert into TP.STOCK_HISTORIQUE (ID_STOCK,CATEGORIE,DATE_MOUVEMENT_STOCK,ID_PRODUIT,PRODUIT_STOCK,STATUT,UTILISATEUR) values ('412','Légumes',to_timestamp('23/01/21 17:32:09,806802000','DD/MM/RR HH24:MI:SSXFF'),'345','Haricots verts','Consommé','Rabiller Guillaume');
Insert into TP.STOCK_HISTORIQUE (ID_STOCK,CATEGORIE,DATE_MOUVEMENT_STOCK,ID_PRODUIT,PRODUIT_STOCK,STATUT,UTILISATEUR) values ('413','Légumes',to_timestamp('23/01/21 17:32:15,121756000','DD/MM/RR HH24:MI:SSXFF'),'347','Purée de carotte','Retiré','Rabiller Guillaume');
Insert into TP.STOCK_HISTORIQUE (ID_STOCK,CATEGORIE,DATE_MOUVEMENT_STOCK,ID_PRODUIT,PRODUIT_STOCK,STATUT,UTILISATEUR) values ('414','Poisson',to_timestamp('23/01/21 17:32:22,317277000','DD/MM/RR HH24:MI:SSXFF'),'349','Saumon','Retiré','Rabiller Guillaume');
Insert into TP.STOCK_HISTORIQUE (ID_STOCK,CATEGORIE,DATE_MOUVEMENT_STOCK,ID_PRODUIT,PRODUIT_STOCK,STATUT,UTILISATEUR) values ('415','Poisson',to_timestamp('23/01/21 17:32:30,458929000','DD/MM/RR HH24:MI:SSXFF'),'356','Cabillaud','Erreur','Rabiller Guillaume');
Insert into TP.STOCK_HISTORIQUE (ID_STOCK,CATEGORIE,DATE_MOUVEMENT_STOCK,ID_PRODUIT,PRODUIT_STOCK,STATUT,UTILISATEUR) values ('416','Poisson',to_timestamp('23/01/21 17:32:34,041303000','DD/MM/RR HH24:MI:SSXFF'),'354','Cabillaud','Retiré','Rabiller Guillaume');
Insert into TP.STOCK_HISTORIQUE (ID_STOCK,CATEGORIE,DATE_MOUVEMENT_STOCK,ID_PRODUIT,PRODUIT_STOCK,STATUT,UTILISATEUR) values ('417','Poisson',to_timestamp('23/01/21 17:32:40,906773000','DD/MM/RR HH24:MI:SSXFF'),'352','Cabillaud','Consommé','Rabiller Guillaume');
Insert into TP.STOCK_HISTORIQUE (ID_STOCK,CATEGORIE,DATE_MOUVEMENT_STOCK,ID_PRODUIT,PRODUIT_STOCK,STATUT,UTILISATEUR) values ('521','Sauce',to_timestamp('26/01/21 18:51:40,307712000','DD/MM/RR HH24:MI:SSXFF'),'502','Sauce béarnaise','A Contrôler','Rabiller Guillaume');
Insert into TP.STOCK_HISTORIQUE (ID_STOCK,CATEGORIE,DATE_MOUVEMENT_STOCK,ID_PRODUIT,PRODUIT_STOCK,STATUT,UTILISATEUR) values ('522','Poisson',to_timestamp('26/01/21 18:51:40,351142000','DD/MM/RR HH24:MI:SSXFF'),'465','Rondelles de calamars','A Contrôler','Rabiller Guillaume');
Insert into TP.STOCK_HISTORIQUE (ID_STOCK,CATEGORIE,DATE_MOUVEMENT_STOCK,ID_PRODUIT,PRODUIT_STOCK,STATUT,UTILISATEUR) values ('523','Légumes',to_timestamp('26/01/21 18:51:40,375104000','DD/MM/RR HH24:MI:SSXFF'),'506','Purée pomme de terre','A Contrôler','Rabiller Guillaume');
Insert into TP.STOCK_HISTORIQUE (ID_STOCK,CATEGORIE,DATE_MOUVEMENT_STOCK,ID_PRODUIT,PRODUIT_STOCK,STATUT,UTILISATEUR) values ('525','Légumes',to_timestamp('26/01/21 18:51:52,928552000','DD/MM/RR HH24:MI:SSXFF'),'524','Purée de carotte','En Stock','Rabiller Guillaume');
Insert into TP.STOCK_HISTORIQUE (ID_STOCK,CATEGORIE,DATE_MOUVEMENT_STOCK,ID_PRODUIT,PRODUIT_STOCK,STATUT,UTILISATEUR) values ('527','Viande',to_timestamp('26/01/21 18:51:58,140141000','DD/MM/RR HH24:MI:SSXFF'),'526','Poulet','En Stock','Rabiller Guillaume');
Insert into TP.STOCK_HISTORIQUE (ID_STOCK,CATEGORIE,DATE_MOUVEMENT_STOCK,ID_PRODUIT,PRODUIT_STOCK,STATUT,UTILISATEUR) values ('541','Légumes',to_timestamp('30/01/21 10:30:04,921945000','DD/MM/RR HH24:MI:SSXFF'),'495','Haricots verts','A Contrôler','Rabiller Guillaume');
Insert into TP.STOCK_HISTORIQUE (ID_STOCK,CATEGORIE,DATE_MOUVEMENT_STOCK,ID_PRODUIT,PRODUIT_STOCK,STATUT,UTILISATEUR) values ('542','Légumes',to_timestamp('30/01/21 10:30:04,940415000','DD/MM/RR HH24:MI:SSXFF'),'497','Purée de carotte','A Contrôler','Rabiller Guillaume');
Insert into TP.STOCK_HISTORIQUE (ID_STOCK,CATEGORIE,DATE_MOUVEMENT_STOCK,ID_PRODUIT,PRODUIT_STOCK,STATUT,UTILISATEUR) values ('543','Viande',to_timestamp('30/01/21 10:30:04,945407000','DD/MM/RR HH24:MI:SSXFF'),'504','Poulet','A Contrôler','Rabiller Guillaume');
Insert into TP.STOCK_HISTORIQUE (ID_STOCK,CATEGORIE,DATE_MOUVEMENT_STOCK,ID_PRODUIT,PRODUIT_STOCK,STATUT,UTILISATEUR) values ('544','Légumes',to_timestamp('30/01/21 10:30:04,949401000','DD/MM/RR HH24:MI:SSXFF'),'524','Purée de carotte','A Contrôler','Rabiller Guillaume');
Insert into TP.STOCK_HISTORIQUE (ID_STOCK,CATEGORIE,DATE_MOUVEMENT_STOCK,ID_PRODUIT,PRODUIT_STOCK,STATUT,UTILISATEUR) values ('545','Viande',to_timestamp('30/01/21 10:30:04,952895000','DD/MM/RR HH24:MI:SSXFF'),'526','Poulet','A Contrôler','Rabiller Guillaume');
Insert into TP.STOCK_HISTORIQUE (ID_STOCK,CATEGORIE,DATE_MOUVEMENT_STOCK,ID_PRODUIT,PRODUIT_STOCK,STATUT,UTILISATEUR) values ('881','Poisson',to_timestamp('02/02/21 18:07:48,557583000','DD/MM/RR HH24:MI:SSXFF'),'859','Cabillaud','A Contrôler','Rabiller Guillaume');
Insert into TP.STOCK_HISTORIQUE (ID_STOCK,CATEGORIE,DATE_MOUVEMENT_STOCK,ID_PRODUIT,PRODUIT_STOCK,STATUT,UTILISATEUR) values ('882','Légumes',to_timestamp('02/02/21 18:07:48,581045000','DD/MM/RR HH24:MI:SSXFF'),'687','Haricots verts','A Contrôler','Rabiller Guillaume');
Insert into TP.STOCK_HISTORIQUE (ID_STOCK,CATEGORIE,DATE_MOUVEMENT_STOCK,ID_PRODUIT,PRODUIT_STOCK,STATUT,UTILISATEUR) values ('883','Poisson',to_timestamp('02/02/21 18:07:48,585538000','DD/MM/RR HH24:MI:SSXFF'),'728','Rondelles de calamars','A Contrôler','Rabiller Guillaume');
Insert into TP.STOCK_HISTORIQUE (ID_STOCK,CATEGORIE,DATE_MOUVEMENT_STOCK,ID_PRODUIT,PRODUIT_STOCK,STATUT,UTILISATEUR) values ('884','Sauce',to_timestamp('02/02/21 18:07:48,588533000','DD/MM/RR HH24:MI:SSXFF'),'691','Sauce pesto','A Contrôler','Rabiller Guillaume');
Insert into TP.STOCK_HISTORIQUE (ID_STOCK,CATEGORIE,DATE_MOUVEMENT_STOCK,ID_PRODUIT,PRODUIT_STOCK,STATUT,UTILISATEUR) values ('885','Viande',to_timestamp('02/02/21 18:07:48,591529000','DD/MM/RR HH24:MI:SSXFF'),'573','Poulet','A Contrôler','Rabiller Guillaume');
Insert into TP.STOCK_HISTORIQUE (ID_STOCK,CATEGORIE,DATE_MOUVEMENT_STOCK,ID_PRODUIT,PRODUIT_STOCK,STATUT,UTILISATEUR) values ('886','Poisson',to_timestamp('02/02/21 18:08:01,354495000','DD/MM/RR HH24:MI:SSXFF'),'859','Cabillaud','Consommé','Rabiller Guillaume');
Insert into TP.STOCK_HISTORIQUE (ID_STOCK,CATEGORIE,DATE_MOUVEMENT_STOCK,ID_PRODUIT,PRODUIT_STOCK,STATUT,UTILISATEUR) values ('887','Légumes',to_timestamp('02/02/21 18:08:04,611560000','DD/MM/RR HH24:MI:SSXFF'),'687','Haricots verts','Consommé','Rabiller Guillaume');
Insert into TP.STOCK_HISTORIQUE (ID_STOCK,CATEGORIE,DATE_MOUVEMENT_STOCK,ID_PRODUIT,PRODUIT_STOCK,STATUT,UTILISATEUR) values ('888','Viande',to_timestamp('02/02/21 18:08:08,279045000','DD/MM/RR HH24:MI:SSXFF'),'573','Poulet','Consommé','Rabiller Guillaume');
Insert into TP.STOCK_HISTORIQUE (ID_STOCK,CATEGORIE,DATE_MOUVEMENT_STOCK,ID_PRODUIT,PRODUIT_STOCK,STATUT,UTILISATEUR) values ('964','Sauce',to_timestamp('05/02/21 17:54:19,041367000','DD/MM/RR HH24:MI:SSXFF'),'855','Sauce tartare','A Contrôler','Rabiller Guillaume');
Insert into TP.STOCK_HISTORIQUE (ID_STOCK,CATEGORIE,DATE_MOUVEMENT_STOCK,ID_PRODUIT,PRODUIT_STOCK,STATUT,UTILISATEUR) values ('1081','Légumes',to_timestamp('07/02/21 12:46:13,041914000','DD/MM/RR HH24:MI:SSXFF'),'1080','Purée pomme de terre','En Stock','Rabiller Guillaume');
Insert into TP.STOCK_HISTORIQUE (ID_STOCK,CATEGORIE,DATE_MOUVEMENT_STOCK,ID_PRODUIT,PRODUIT_STOCK,STATUT,UTILISATEUR) values ('1104','Poissons',to_timestamp('07/02/21 18:04:38,503734000','DD/MM/RR HH24:MI:SSXFF'),'1068','Saumon','Consommé','Rabiller Guillaume');
Insert into TP.STOCK_HISTORIQUE (ID_STOCK,CATEGORIE,DATE_MOUVEMENT_STOCK,ID_PRODUIT,PRODUIT_STOCK,STATUT,UTILISATEUR) values ('1106','Plats préparés',to_timestamp('07/02/21 18:04:47,025146000','DD/MM/RR HH24:MI:SSXFF'),'1105','Lasagnes bolognaise','En Stock','Rabiller Guillaume');
Insert into TP.STOCK_HISTORIQUE (ID_STOCK,CATEGORIE,DATE_MOUVEMENT_STOCK,ID_PRODUIT,PRODUIT_STOCK,STATUT,UTILISATEUR) values ('1108','Viandes rouges',to_timestamp('07/02/21 18:04:53,483154000','DD/MM/RR HH24:MI:SSXFF'),'1107','steaks hachés','En Stock','Rabiller Guillaume');
Insert into TP.STOCK_HISTORIQUE (ID_STOCK,CATEGORIE,DATE_MOUVEMENT_STOCK,ID_PRODUIT,PRODUIT_STOCK,STATUT,UTILISATEUR) values ('1109','Viandes rouges',to_timestamp('07/02/21 18:04:53,545054000','DD/MM/RR HH24:MI:SSXFF'),'1107','steaks hachés','A Contrôler','Rabiller Guillaume');
Insert into TP.STOCK_HISTORIQUE (ID_STOCK,CATEGORIE,DATE_MOUVEMENT_STOCK,ID_PRODUIT,PRODUIT_STOCK,STATUT,UTILISATEUR) values ('1141','Légumes',to_timestamp('09/02/21 20:07:05,854381000','DD/MM/RR HH24:MI:SSXFF'),'1042','Haricots verts','A Contrôler','Rabiller Guillaume');
Insert into TP.STOCK_HISTORIQUE (ID_STOCK,CATEGORIE,DATE_MOUVEMENT_STOCK,ID_PRODUIT,PRODUIT_STOCK,STATUT,UTILISATEUR) values ('1142','Légumes',to_timestamp('09/02/21 20:07:05,874334000','DD/MM/RR HH24:MI:SSXFF'),'1072','Purée de carotte','A Contrôler','Rabiller Guillaume');
Insert into TP.STOCK_HISTORIQUE (ID_STOCK,CATEGORIE,DATE_MOUVEMENT_STOCK,ID_PRODUIT,PRODUIT_STOCK,STATUT,UTILISATEUR) values ('1143','Viandes rouges',to_timestamp('09/02/21 20:07:05,877329000','DD/MM/RR HH24:MI:SSXFF'),'1076','Magret de canard','A Contrôler','Rabiller Guillaume');
Insert into TP.STOCK_HISTORIQUE (ID_STOCK,CATEGORIE,DATE_MOUVEMENT_STOCK,ID_PRODUIT,PRODUIT_STOCK,STATUT,UTILISATEUR) values ('1144','Légumes',to_timestamp('09/02/21 20:07:05,881337000','DD/MM/RR HH24:MI:SSXFF'),'1078','Purée de carotte','A Contrôler','Rabiller Guillaume');
Insert into TP.STOCK_HISTORIQUE (ID_STOCK,CATEGORIE,DATE_MOUVEMENT_STOCK,ID_PRODUIT,PRODUIT_STOCK,STATUT,UTILISATEUR) values ('1145','Légumes',to_timestamp('09/02/21 20:07:05,885816000','DD/MM/RR HH24:MI:SSXFF'),'1080','Purée pomme de terre','A Contrôler','Rabiller Guillaume');
Insert into TP.STOCK_HISTORIQUE (ID_STOCK,CATEGORIE,DATE_MOUVEMENT_STOCK,ID_PRODUIT,PRODUIT_STOCK,STATUT,UTILISATEUR) values ('1146','Plats préparés',to_timestamp('09/02/21 20:07:05,889822000','DD/MM/RR HH24:MI:SSXFF'),'1105','Lasagnes bolognaise','A Contrôler','Rabiller Guillaume');
Insert into TP.STOCK_HISTORIQUE (ID_STOCK,CATEGORIE,DATE_MOUVEMENT_STOCK,ID_PRODUIT,PRODUIT_STOCK,STATUT,UTILISATEUR) values ('1151','Légumes',to_timestamp('09/02/21 20:30:00,403212000','DD/MM/RR HH24:MI:SSXFF'),'1042','Haricots verts','Consommé','Rabiller Guillaume');
Insert into TP.STOCK_HISTORIQUE (ID_STOCK,CATEGORIE,DATE_MOUVEMENT_STOCK,ID_PRODUIT,PRODUIT_STOCK,STATUT,UTILISATEUR) values ('1153','Légumes',to_timestamp('09/02/21 20:30:03,984287000','DD/MM/RR HH24:MI:SSXFF'),'1152','Purée pomme de terre','En Stock','Rabiller Guillaume');
Insert into TP.STOCK_HISTORIQUE (ID_STOCK,CATEGORIE,DATE_MOUVEMENT_STOCK,ID_PRODUIT,PRODUIT_STOCK,STATUT,UTILISATEUR) values ('1162','Plats préparés',to_timestamp('15/02/21 18:01:30,423780000','DD/MM/RR HH24:MI:SSXFF'),'1156','Lasagnes bolognaise','A Contrôler','Rabiller Guillaume');
Insert into TP.STOCK_HISTORIQUE (ID_STOCK,CATEGORIE,DATE_MOUVEMENT_STOCK,ID_PRODUIT,PRODUIT_STOCK,STATUT,UTILISATEUR) values ('1163','Légumes',to_timestamp('15/02/21 18:01:30,427774000','DD/MM/RR HH24:MI:SSXFF'),'1152','Purée pomme de terre','A Contrôler','Rabiller Guillaume');
Insert into TP.STOCK_HISTORIQUE (ID_STOCK,CATEGORIE,DATE_MOUVEMENT_STOCK,ID_PRODUIT,PRODUIT_STOCK,STATUT,UTILISATEUR) values ('1164','Viandes blanches',to_timestamp('15/02/21 18:01:39,874039000','DD/MM/RR HH24:MI:SSXFF'),'1116','Poulet','Consommé','Rabiller Guillaume');
Insert into TP.STOCK_HISTORIQUE (ID_STOCK,CATEGORIE,DATE_MOUVEMENT_STOCK,ID_PRODUIT,PRODUIT_STOCK,STATUT,UTILISATEUR) values ('1165','Plats préparés',to_timestamp('15/02/21 18:01:42,550363000','DD/MM/RR HH24:MI:SSXFF'),'1156','Lasagnes bolognaise','Retiré','Rabiller Guillaume');
Insert into TP.STOCK_HISTORIQUE (ID_STOCK,CATEGORIE,DATE_MOUVEMENT_STOCK,ID_PRODUIT,PRODUIT_STOCK,STATUT,UTILISATEUR) values ('1166','Poissons',to_timestamp('15/02/21 18:01:44,988902000','DD/MM/RR HH24:MI:SSXFF'),'1158','Saumon','Erreur','Rabiller Guillaume');
Insert into TP.STOCK_HISTORIQUE (ID_STOCK,CATEGORIE,DATE_MOUVEMENT_STOCK,ID_PRODUIT,PRODUIT_STOCK,STATUT,UTILISATEUR) values ('1167','Poissons',to_timestamp('15/02/21 18:01:47,281383000','DD/MM/RR HH24:MI:SSXFF'),'1046','Saumon','Consommé','Rabiller Guillaume');
Insert into TP.STOCK_HISTORIQUE (ID_STOCK,CATEGORIE,DATE_MOUVEMENT_STOCK,ID_PRODUIT,PRODUIT_STOCK,STATUT,UTILISATEUR) values ('1168','Légumes',to_timestamp('15/02/21 18:01:49,780642000','DD/MM/RR HH24:MI:SSXFF'),'1072','Purée de carotte','Retiré','Rabiller Guillaume');
Insert into TP.STOCK_HISTORIQUE (ID_STOCK,CATEGORIE,DATE_MOUVEMENT_STOCK,ID_PRODUIT,PRODUIT_STOCK,STATUT,UTILISATEUR) values ('1169','Viandes rouges',to_timestamp('15/02/21 18:01:52,247204000','DD/MM/RR HH24:MI:SSXFF'),'1076','Magret de canard','Erreur','Rabiller Guillaume');
Insert into TP.STOCK_HISTORIQUE (ID_STOCK,CATEGORIE,DATE_MOUVEMENT_STOCK,ID_PRODUIT,PRODUIT_STOCK,STATUT,UTILISATEUR) values ('1170','Légumes',to_timestamp('15/02/21 18:01:53,812353000','DD/MM/RR HH24:MI:SSXFF'),'1152','Purée pomme de terre','Consommé','Rabiller Guillaume');
Insert into TP.STOCK_HISTORIQUE (ID_STOCK,CATEGORIE,DATE_MOUVEMENT_STOCK,ID_PRODUIT,PRODUIT_STOCK,STATUT,UTILISATEUR) values ('1171','Légumes',to_timestamp('15/02/21 18:01:55,059916000','DD/MM/RR HH24:MI:SSXFF'),'1080','Purée pomme de terre','Consommé','Rabiller Guillaume');
Insert into TP.STOCK_HISTORIQUE (ID_STOCK,CATEGORIE,DATE_MOUVEMENT_STOCK,ID_PRODUIT,PRODUIT_STOCK,STATUT,UTILISATEUR) values ('1172','Plats préparés',to_timestamp('15/02/21 18:01:56,228605000','DD/MM/RR HH24:MI:SSXFF'),'1105','Lasagnes bolognaise','Consommé','Rabiller Guillaume');
Insert into TP.STOCK_HISTORIQUE (ID_STOCK,CATEGORIE,DATE_MOUVEMENT_STOCK,ID_PRODUIT,PRODUIT_STOCK,STATUT,UTILISATEUR) values ('1173','Viandes rouges',to_timestamp('15/02/21 18:01:57,426894000','DD/MM/RR HH24:MI:SSXFF'),'1107','steaks hachés','Consommé','Rabiller Guillaume');
Insert into TP.STOCK_HISTORIQUE (ID_STOCK,CATEGORIE,DATE_MOUVEMENT_STOCK,ID_PRODUIT,PRODUIT_STOCK,STATUT,UTILISATEUR) values ('1175','Poissons',to_timestamp('15/02/21 18:02:00,033338000','DD/MM/RR HH24:MI:SSXFF'),'1174','Dorade','En Stock','Rabiller Guillaume');
Insert into TP.STOCK_HISTORIQUE (ID_STOCK,CATEGORIE,DATE_MOUVEMENT_STOCK,ID_PRODUIT,PRODUIT_STOCK,STATUT,UTILISATEUR) values ('1177','Poissons',to_timestamp('15/02/21 18:02:00,584375000','DD/MM/RR HH24:MI:SSXFF'),'1176','Saumon','En Stock','Rabiller Guillaume');
Insert into TP.STOCK_HISTORIQUE (ID_STOCK,CATEGORIE,DATE_MOUVEMENT_STOCK,ID_PRODUIT,PRODUIT_STOCK,STATUT,UTILISATEUR) values ('1178','Poissons',to_timestamp('15/02/21 18:02:00,611832000','DD/MM/RR HH24:MI:SSXFF'),'1174','Dorade','A Contrôler','Rabiller Guillaume');
Insert into TP.STOCK_HISTORIQUE (ID_STOCK,CATEGORIE,DATE_MOUVEMENT_STOCK,ID_PRODUIT,PRODUIT_STOCK,STATUT,UTILISATEUR) values ('1179','Poissons',to_timestamp('15/02/21 18:02:00,615326000','DD/MM/RR HH24:MI:SSXFF'),'1176','Saumon','A Contrôler','Rabiller Guillaume');
Insert into TP.STOCK_HISTORIQUE (ID_STOCK,CATEGORIE,DATE_MOUVEMENT_STOCK,ID_PRODUIT,PRODUIT_STOCK,STATUT,UTILISATEUR) values ('1180','Poissons',to_timestamp('15/02/21 18:02:00,634296000','DD/MM/RR HH24:MI:SSXFF'),'1176','Saumon','A Contrôler','Rabiller Guillaume');
Insert into TP.STOCK_HISTORIQUE (ID_STOCK,CATEGORIE,DATE_MOUVEMENT_STOCK,ID_PRODUIT,PRODUIT_STOCK,STATUT,UTILISATEUR) values ('1182','Viandes rouges',to_timestamp('15/02/21 18:02:02,793351000','DD/MM/RR HH24:MI:SSXFF'),'1181','steaks hachés','En Stock','Rabiller Guillaume');
Insert into TP.STOCK_HISTORIQUE (ID_STOCK,CATEGORIE,DATE_MOUVEMENT_STOCK,ID_PRODUIT,PRODUIT_STOCK,STATUT,UTILISATEUR) values ('1183','Viandes rouges',to_timestamp('15/02/21 18:02:02,837780000','DD/MM/RR HH24:MI:SSXFF'),'1181','steaks hachés','A Contrôler','Rabiller Guillaume');
Insert into TP.STOCK_HISTORIQUE (ID_STOCK,CATEGORIE,DATE_MOUVEMENT_STOCK,ID_PRODUIT,PRODUIT_STOCK,STATUT,UTILISATEUR) values ('1185','Viandes blanches',to_timestamp('15/02/21 18:02:06,144582000','DD/MM/RR HH24:MI:SSXFF'),'1184','Poulet','En Stock','Rabiller Guillaume');
Insert into TP.STOCK_HISTORIQUE (ID_STOCK,CATEGORIE,DATE_MOUVEMENT_STOCK,ID_PRODUIT,PRODUIT_STOCK,STATUT,UTILISATEUR) values ('1187','Sauces',to_timestamp('15/02/21 18:02:09,024891000','DD/MM/RR HH24:MI:SSXFF'),'1186','Sauce tartare','En Stock','Rabiller Guillaume');
Insert into TP.STOCK_HISTORIQUE (ID_STOCK,CATEGORIE,DATE_MOUVEMENT_STOCK,ID_PRODUIT,PRODUIT_STOCK,STATUT,UTILISATEUR) values ('1189','Sauces',to_timestamp('15/02/21 18:02:11,776972000','DD/MM/RR HH24:MI:SSXFF'),'1188','Sauce pesto','En Stock','Rabiller Guillaume');
Insert into TP.STOCK_HISTORIQUE (ID_STOCK,CATEGORIE,DATE_MOUVEMENT_STOCK,ID_PRODUIT,PRODUIT_STOCK,STATUT,UTILISATEUR) values ('1201','Viandes blanches',to_timestamp('22/02/21 09:48:34,642819000','DD/MM/RR HH24:MI:SSXFF'),'1184','Poulet','A Contrôler','Rabiller Guillaume');
Insert into TP.STOCK_HISTORIQUE (ID_STOCK,CATEGORIE,DATE_MOUVEMENT_STOCK,ID_PRODUIT,PRODUIT_STOCK,STATUT,UTILISATEUR) values ('1202','Sauces',to_timestamp('22/02/21 09:48:34,660292000','DD/MM/RR HH24:MI:SSXFF'),'1186','Sauce tartare','A Contrôler','Rabiller Guillaume');
Insert into TP.STOCK_HISTORIQUE (ID_STOCK,CATEGORIE,DATE_MOUVEMENT_STOCK,ID_PRODUIT,PRODUIT_STOCK,STATUT,UTILISATEUR) values ('1203','Sauces',to_timestamp('22/02/21 09:48:34,663786000','DD/MM/RR HH24:MI:SSXFF'),'1188','Sauce pesto','A Contrôler','Rabiller Guillaume');
Insert into TP.STOCK_HISTORIQUE (ID_STOCK,CATEGORIE,DATE_MOUVEMENT_STOCK,ID_PRODUIT,PRODUIT_STOCK,STATUT,UTILISATEUR) values ('1206','Viandes rouges',to_timestamp('22/02/21 10:32:38,945522000','DD/MM/RR HH24:MI:SSXFF'),'1181','steaks hachés','Retiré','Rabiller Guillaume');
Insert into TP.STOCK_HISTORIQUE (ID_STOCK,CATEGORIE,DATE_MOUVEMENT_STOCK,ID_PRODUIT,PRODUIT_STOCK,STATUT,UTILISATEUR) values ('1225','Poissons',to_timestamp('23/02/21 11:03:46,038875000','DD/MM/RR HH24:MI:SSXFF'),'1174','Dorade','Retiré','Rabiller Guillaume');
REM INSERTING into TP.USERS
SET DEFINE OFF;
Insert into TP.USERS (USERNAME,PASSWORD,ENABLED) values ('user','passuser','Y');
Insert into TP.USERS (USERNAME,PASSWORD,ENABLED) values ('admin','passadmin','Y');
REM INSERTING into TP.UTILISATEUR
SET DEFINE OFF;
Insert into TP.UTILISATEUR (ID_UTILISATEUR,EMAIL_UTILISATEUR,LOGIN_UTILISATEUR,NOM_UTILISATEUR,PASSWORD_UTILISATEUR,PRENOM_UTILISATEUR,ROLE) values ('1','g.rabiller44@gmail.com','guillaume','Rabiller','$2a$10$fmUSh9w67OwRYumiSOo/negQGyDyCd50NxlWLhwNfojD99M6vLGdO','Guillaume','ROLE_ADMIN');
Insert into TP.UTILISATEUR (ID_UTILISATEUR,EMAIL_UTILISATEUR,LOGIN_UTILISATEUR,NOM_UTILISATEUR,PASSWORD_UTILISATEUR,PRENOM_UTILISATEUR,ROLE) values ('2','bertrand@gmail.com','bertrandlogin','Rabiller','$2a$10$5M45fekN.B9d2TPsiXnGQ.t3EQbCBVZrQOI8/rd1MKUdcoCCI.Bw.','Bertrand','ROLE_UTILISATEUR');
Insert into TP.UTILISATEUR (ID_UTILISATEUR,EMAIL_UTILISATEUR,LOGIN_UTILISATEUR,NOM_UTILISATEUR,PASSWORD_UTILISATEUR,PRENOM_UTILISATEUR,ROLE) values ('1113','jeanmimi@gmail.com','jeanmimi','Aulas','$2a$10$Ci33xNeFe9dX9fh.vGSJ8usUxoSmf/pi94ehNggstWeLe6BPlOkQa','Jean-Michel','ROLE_UTILISATEUR');
Insert into TP.UTILISATEUR (ID_UTILISATEUR,EMAIL_UTILISATEUR,LOGIN_UTILISATEUR,NOM_UTILISATEUR,PASSWORD_UTILISATEUR,PRENOM_UTILISATEUR,ROLE) values ('1103','thieryhenry@gmail.com','titihenry','Henry','$2a$10$7D0AX08qcc9rxXcGv7DQn.Nii6qzqFviwQuzhQrcjBoQMY395wTb6','Thiery','ROLE_UTILISATEUR');
Insert into TP.UTILISATEUR (ID_UTILISATEUR,EMAIL_UTILISATEUR,LOGIN_UTILISATEUR,NOM_UTILISATEUR,PASSWORD_UTILISATEUR,PRENOM_UTILISATEUR,ROLE) values ('101','francoisdurand@hotmail.fr','francoisdurand','Durand','$2a$10$4z5f8IPa/kS3xN2W9DsQJuwLwy7q/MX0HkPSk6XJUmJXJMdqKbAKG','Francois','ROLE_ADMIN');
--------------------------------------------------------
--  DDL for Index AUTHORITIES_UNIQUE
--------------------------------------------------------

  CREATE UNIQUE INDEX "TP"."AUTHORITIES_UNIQUE" ON "TP"."AUTHORITIES" ("USERNAME", "AUTHORITY") 
  PCTFREE 10 INITRANS 2 MAXTRANS 255 COMPUTE STATISTICS 
  STORAGE(INITIAL 65536 NEXT 1048576 MINEXTENTS 1 MAXEXTENTS 2147483645
  PCTINCREASE 0 FREELISTS 1 FREELIST GROUPS 1
  BUFFER_POOL DEFAULT FLASH_CACHE DEFAULT CELL_FLASH_CACHE DEFAULT)
  TABLESPACE "USERS" ;
--------------------------------------------------------
--  DDL for Index UK_I96KH89A47NNOKLHSJTNJSWT
--------------------------------------------------------

  CREATE UNIQUE INDEX "TP"."UK_I96KH89A47NNOKLHSJTNJSWT" ON "TP"."UTILISATEUR" ("EMAIL_UTILISATEUR") 
  PCTFREE 10 INITRANS 2 MAXTRANS 255 COMPUTE STATISTICS 
  STORAGE(INITIAL 65536 NEXT 1048576 MINEXTENTS 1 MAXEXTENTS 2147483645
  PCTINCREASE 0 FREELISTS 1 FREELIST GROUPS 1
  BUFFER_POOL DEFAULT FLASH_CACHE DEFAULT CELL_FLASH_CACHE DEFAULT)
  TABLESPACE "USERS" ;
--------------------------------------------------------
--  Constraints for Table STOCK
--------------------------------------------------------

  ALTER TABLE "TP"."STOCK" MODIFY ("ID_STOCK" NOT NULL ENABLE);
  ALTER TABLE "TP"."STOCK" MODIFY ("DATE_ENTREE_STOCK" NOT NULL ENABLE);
  ALTER TABLE "TP"."STOCK" ADD PRIMARY KEY ("ID_STOCK")
  USING INDEX PCTFREE 10 INITRANS 2 MAXTRANS 255 COMPUTE STATISTICS 
  STORAGE(INITIAL 65536 NEXT 1048576 MINEXTENTS 1 MAXEXTENTS 2147483645
  PCTINCREASE 0 FREELISTS 1 FREELIST GROUPS 1
  BUFFER_POOL DEFAULT FLASH_CACHE DEFAULT CELL_FLASH_CACHE DEFAULT)
  TABLESPACE "USERS"  ENABLE;
--------------------------------------------------------
--  Constraints for Table UTILISATEUR
--------------------------------------------------------

  ALTER TABLE "TP"."UTILISATEUR" MODIFY ("ID_UTILISATEUR" NOT NULL ENABLE);
  ALTER TABLE "TP"."UTILISATEUR" MODIFY ("LOGIN_UTILISATEUR" NOT NULL ENABLE);
  ALTER TABLE "TP"."UTILISATEUR" MODIFY ("NOM_UTILISATEUR" NOT NULL ENABLE);
  ALTER TABLE "TP"."UTILISATEUR" MODIFY ("PASSWORD_UTILISATEUR" NOT NULL ENABLE);
  ALTER TABLE "TP"."UTILISATEUR" MODIFY ("PRENOM_UTILISATEUR" NOT NULL ENABLE);
  ALTER TABLE "TP"."UTILISATEUR" ADD PRIMARY KEY ("ID_UTILISATEUR")
  USING INDEX PCTFREE 10 INITRANS 2 MAXTRANS 255 COMPUTE STATISTICS 
  STORAGE(INITIAL 65536 NEXT 1048576 MINEXTENTS 1 MAXEXTENTS 2147483645
  PCTINCREASE 0 FREELISTS 1 FREELIST GROUPS 1
  BUFFER_POOL DEFAULT FLASH_CACHE DEFAULT CELL_FLASH_CACHE DEFAULT)
  TABLESPACE "USERS"  ENABLE;
  ALTER TABLE "TP"."UTILISATEUR" ADD CONSTRAINT "UK_I96KH89A47NNOKLHSJTNJSWT" UNIQUE ("EMAIL_UTILISATEUR")
  USING INDEX PCTFREE 10 INITRANS 2 MAXTRANS 255 COMPUTE STATISTICS 
  STORAGE(INITIAL 65536 NEXT 1048576 MINEXTENTS 1 MAXEXTENTS 2147483645
  PCTINCREASE 0 FREELISTS 1 FREELIST GROUPS 1
  BUFFER_POOL DEFAULT FLASH_CACHE DEFAULT CELL_FLASH_CACHE DEFAULT)
  TABLESPACE "USERS"  ENABLE;
--------------------------------------------------------
--  Constraints for Table CATEGORIE
--------------------------------------------------------

  ALTER TABLE "TP"."CATEGORIE" MODIFY ("ID_CATEGORIE" NOT NULL ENABLE);
  ALTER TABLE "TP"."CATEGORIE" MODIFY ("NOM_CATEGORIE" NOT NULL ENABLE);
  ALTER TABLE "TP"."CATEGORIE" ADD PRIMARY KEY ("ID_CATEGORIE")
  USING INDEX PCTFREE 10 INITRANS 2 MAXTRANS 255 COMPUTE STATISTICS 
  STORAGE(INITIAL 65536 NEXT 1048576 MINEXTENTS 1 MAXEXTENTS 2147483645
  PCTINCREASE 0 FREELISTS 1 FREELIST GROUPS 1
  BUFFER_POOL DEFAULT FLASH_CACHE DEFAULT CELL_FLASH_CACHE DEFAULT)
  TABLESPACE "USERS"  ENABLE;
--------------------------------------------------------
--  Constraints for Table USERS
--------------------------------------------------------

  ALTER TABLE "TP"."USERS" MODIFY ("PASSWORD" NOT NULL ENABLE);
  ALTER TABLE "TP"."USERS" MODIFY ("ENABLED" NOT NULL ENABLE);
  ALTER TABLE "TP"."USERS" ADD CHECK (ENABLED IN ('Y','N') ) ENABLE;
  ALTER TABLE "TP"."USERS" ADD PRIMARY KEY ("USERNAME")
  USING INDEX PCTFREE 10 INITRANS 2 MAXTRANS 255 COMPUTE STATISTICS 
  STORAGE(INITIAL 65536 NEXT 1048576 MINEXTENTS 1 MAXEXTENTS 2147483645
  PCTINCREASE 0 FREELISTS 1 FREELIST GROUPS 1
  BUFFER_POOL DEFAULT FLASH_CACHE DEFAULT CELL_FLASH_CACHE DEFAULT)
  TABLESPACE "USERS"  ENABLE;
--------------------------------------------------------
--  Constraints for Table FRIGO
--------------------------------------------------------

  ALTER TABLE "TP"."FRIGO" MODIFY ("ID_FRIGO" NOT NULL ENABLE);
  ALTER TABLE "TP"."FRIGO" MODIFY ("NOM_FRIGO" NOT NULL ENABLE);
  ALTER TABLE "TP"."FRIGO" ADD PRIMARY KEY ("ID_FRIGO")
  USING INDEX PCTFREE 10 INITRANS 2 MAXTRANS 255 COMPUTE STATISTICS 
  STORAGE(INITIAL 65536 NEXT 1048576 MINEXTENTS 1 MAXEXTENTS 2147483645
  PCTINCREASE 0 FREELISTS 1 FREELIST GROUPS 1
  BUFFER_POOL DEFAULT FLASH_CACHE DEFAULT CELL_FLASH_CACHE DEFAULT)
  TABLESPACE "USERS"  ENABLE;
--------------------------------------------------------
--  Constraints for Table PRODUIT
--------------------------------------------------------

  ALTER TABLE "TP"."PRODUIT" MODIFY ("ID_PRODUIT" NOT NULL ENABLE);
  ALTER TABLE "TP"."PRODUIT" MODIFY ("DATE_CREATION" NOT NULL ENABLE);
  ALTER TABLE "TP"."PRODUIT" MODIFY ("DUREE_CONSERVATION" NOT NULL ENABLE);
  ALTER TABLE "TP"."PRODUIT" MODIFY ("NOM_PRODUIT" NOT NULL ENABLE);
  ALTER TABLE "TP"."PRODUIT" ADD PRIMARY KEY ("ID_PRODUIT")
  USING INDEX PCTFREE 10 INITRANS 2 MAXTRANS 255 COMPUTE STATISTICS 
  STORAGE(INITIAL 65536 NEXT 1048576 MINEXTENTS 1 MAXEXTENTS 2147483645
  PCTINCREASE 0 FREELISTS 1 FREELIST GROUPS 1
  BUFFER_POOL DEFAULT FLASH_CACHE DEFAULT CELL_FLASH_CACHE DEFAULT)
  TABLESPACE "USERS"  ENABLE;
--------------------------------------------------------
--  Constraints for Table AUTHORITIES
--------------------------------------------------------

  ALTER TABLE "TP"."AUTHORITIES" MODIFY ("USERNAME" NOT NULL ENABLE);
  ALTER TABLE "TP"."AUTHORITIES" MODIFY ("AUTHORITY" NOT NULL ENABLE);
  ALTER TABLE "TP"."AUTHORITIES" ADD CONSTRAINT "AUTHORITIES_UNIQUE" UNIQUE ("USERNAME", "AUTHORITY")
  USING INDEX PCTFREE 10 INITRANS 2 MAXTRANS 255 COMPUTE STATISTICS 
  STORAGE(INITIAL 65536 NEXT 1048576 MINEXTENTS 1 MAXEXTENTS 2147483645
  PCTINCREASE 0 FREELISTS 1 FREELIST GROUPS 1
  BUFFER_POOL DEFAULT FLASH_CACHE DEFAULT CELL_FLASH_CACHE DEFAULT)
  TABLESPACE "USERS"  ENABLE;
--------------------------------------------------------
--  Constraints for Table RELEVE_TEMP
--------------------------------------------------------

  ALTER TABLE "TP"."RELEVE_TEMP" MODIFY ("ID_STOCK" NOT NULL ENABLE);
  ALTER TABLE "TP"."RELEVE_TEMP" MODIFY ("DATE_ENREG_TEMP" NOT NULL ENABLE);
  ALTER TABLE "TP"."RELEVE_TEMP" MODIFY ("TEMPERATURE" NOT NULL ENABLE);
  ALTER TABLE "TP"."RELEVE_TEMP" ADD PRIMARY KEY ("ID_STOCK")
  USING INDEX PCTFREE 10 INITRANS 2 MAXTRANS 255 COMPUTE STATISTICS 
  STORAGE(INITIAL 65536 NEXT 1048576 MINEXTENTS 1 MAXEXTENTS 2147483645
  PCTINCREASE 0 FREELISTS 1 FREELIST GROUPS 1
  BUFFER_POOL DEFAULT FLASH_CACHE DEFAULT CELL_FLASH_CACHE DEFAULT)
  TABLESPACE "USERS"  ENABLE;
--------------------------------------------------------
--  Constraints for Table STOCK_HISTORIQUE
--------------------------------------------------------

  ALTER TABLE "TP"."STOCK_HISTORIQUE" MODIFY ("ID_STOCK" NOT NULL ENABLE);
  ALTER TABLE "TP"."STOCK_HISTORIQUE" MODIFY ("CATEGORIE" NOT NULL ENABLE);
  ALTER TABLE "TP"."STOCK_HISTORIQUE" MODIFY ("DATE_MOUVEMENT_STOCK" NOT NULL ENABLE);
  ALTER TABLE "TP"."STOCK_HISTORIQUE" MODIFY ("ID_PRODUIT" NOT NULL ENABLE);
  ALTER TABLE "TP"."STOCK_HISTORIQUE" MODIFY ("PRODUIT_STOCK" NOT NULL ENABLE);
  ALTER TABLE "TP"."STOCK_HISTORIQUE" MODIFY ("STATUT" NOT NULL ENABLE);
  ALTER TABLE "TP"."STOCK_HISTORIQUE" MODIFY ("UTILISATEUR" NOT NULL ENABLE);
  ALTER TABLE "TP"."STOCK_HISTORIQUE" ADD PRIMARY KEY ("ID_STOCK")
  USING INDEX PCTFREE 10 INITRANS 2 MAXTRANS 255 COMPUTE STATISTICS 
  STORAGE(INITIAL 65536 NEXT 1048576 MINEXTENTS 1 MAXEXTENTS 2147483645
  PCTINCREASE 0 FREELISTS 1 FREELIST GROUPS 1
  BUFFER_POOL DEFAULT FLASH_CACHE DEFAULT CELL_FLASH_CACHE DEFAULT)
  TABLESPACE "USERS"  ENABLE;
--------------------------------------------------------
--  Constraints for Table STATUT
--------------------------------------------------------

  ALTER TABLE "TP"."STATUT" MODIFY ("ID_STATUT" NOT NULL ENABLE);
  ALTER TABLE "TP"."STATUT" MODIFY ("NOM_STATUT" NOT NULL ENABLE);
  ALTER TABLE "TP"."STATUT" ADD PRIMARY KEY ("ID_STATUT")
  USING INDEX PCTFREE 10 INITRANS 2 MAXTRANS 255 COMPUTE STATISTICS 
  STORAGE(INITIAL 65536 NEXT 1048576 MINEXTENTS 1 MAXEXTENTS 2147483645
  PCTINCREASE 0 FREELISTS 1 FREELIST GROUPS 1
  BUFFER_POOL DEFAULT FLASH_CACHE DEFAULT CELL_FLASH_CACHE DEFAULT)
  TABLESPACE "USERS"  ENABLE;
--------------------------------------------------------
--  Ref Constraints for Table AUTHORITIES
--------------------------------------------------------

  ALTER TABLE "TP"."AUTHORITIES" ADD CONSTRAINT "AUTHORITIES_FK1" FOREIGN KEY ("USERNAME")
	  REFERENCES "TP"."USERS" ("USERNAME") ENABLE;
--------------------------------------------------------
--  Ref Constraints for Table PRODUIT
--------------------------------------------------------

  ALTER TABLE "TP"."PRODUIT" ADD CONSTRAINT "FKLGCXFRLLJT10CDWX730B4TUJF" FOREIGN KEY ("ID_CATEGORIE")
	  REFERENCES "TP"."CATEGORIE" ("ID_CATEGORIE") ENABLE;
--------------------------------------------------------
--  Ref Constraints for Table RELEVE_TEMP
--------------------------------------------------------

  ALTER TABLE "TP"."RELEVE_TEMP" ADD CONSTRAINT "FK7PL1E60BDEDF6U7VA1Y4HY8Q8" FOREIGN KEY ("ID_FRIGO")
	  REFERENCES "TP"."FRIGO" ("ID_FRIGO") ENABLE;
--------------------------------------------------------
--  Ref Constraints for Table STOCK
--------------------------------------------------------

  ALTER TABLE "TP"."STOCK" ADD CONSTRAINT "FK25VCUK7GCMJSSSN37HGTL1LQW" FOREIGN KEY ("ID_PRODUIT")
	  REFERENCES "TP"."PRODUIT" ("ID_PRODUIT") ENABLE;
  ALTER TABLE "TP"."STOCK" ADD CONSTRAINT "FKB9JL1C9V8R8IXOSQ67IK3OL35" FOREIGN KEY ("ID_STATUT")
	  REFERENCES "TP"."STATUT" ("ID_STATUT") ENABLE;
